StartDate,party_id,lean_party,d_loss,d_win,r_loss,r_win,control,therm_dem,therm_rep,therm_ind,satisfied_democracy,trust_gov,r_gen_vote_loss,r_gen_vote_win_con,d_gen_vote_loss,d_gen_vote_win_con,comments,pid_3,loss_dum,win_dum,control_dum,loss_dum_nc,group,date,therm_inparty,therm_outparty,vote_likely
2021-08-19 11:04:09,Republican,NA,NA,NA,I understand. My candidate lost their primary.,NA,NA,52,57,51,Neither Satisfied nor Dissatisfied,A moderate amount,Somewhat likely,NA,NA,NA,NA,Republican,1,0,0,1,Loss,2021-08-19T11:04:09Z,57,52,Somewhat likely
2021-08-19 11:14:54,Democrat,NA,NA,NA,NA,NA,Okay,51,51,51,NA,NA,NA,NA,NA,Extremely likely,test,Democrat,0,0,1,NA,Control,2021-08-19T11:14:54Z,51,51,NA
2021-08-19 11:23:13,Democrat,NA,NA,I understand. My candidate won their primary.,NA,NA,NA,79,80,73,Somewhat Satisfied,A lot,NA,NA,NA,Somewhat likely,nice,Democrat,0,1,0,0,Win,2021-08-19T11:23:13Z,79,80,Somewhat likely
2021-08-19 11:36:48,Republican,NA,NA,NA,NA,NA,Okay,72,82,64,NA,NA,NA,Somewhat likely,NA,NA,good,Republican,0,0,1,NA,Control,2021-08-19T11:36:48Z,82,72,NA
2021-08-19 11:45:11,Democrat,NA,NA,I understand. My candidate won their primary.,NA,NA,NA,85,66,67,Very Satisfied,A great deal,NA,NA,NA,Extremely likely,I enjoyed the survey,Democrat,0,1,0,0,Win,2021-08-19T11:45:11Z,85,66,Extremely likely
2021-08-19 11:51:53,Democrat,NA,I understand. My candidate lost their primary.,NA,NA,NA,NA,100,24,75,Very Satisfied,A great deal,NA,NA,Extremely likely,NA,survey is excellent of poitical party,Democrat,1,0,0,1,Loss,2021-08-19T11:51:53Z,100,24,Extremely likely
2021-08-19 11:54:23,Democrat,NA,NA,I understand. My candidate won their primary.,NA,NA,NA,86,55,62,Very Satisfied,A great deal,NA,NA,NA,Somewhat likely,none,Democrat,0,1,0,0,Win,2021-08-19T11:54:23Z,86,55,Somewhat likely
2021-08-19 12:08:19,Independent,Neither Republican or Democrat,NA,NA,NA,NA,NA,95,78,100,Somewhat Satisfied,A moderate amount,NA,NA,NA,NA,good,Independent,0,0,0,0,NA,2021-08-19T12:08:19Z,NA,NA,NA
2021-08-19 12:19:57,Republican,NA,NA,NA,NA,I understand. My candidate won their primary.,NA,69,80,77,Somewhat Satisfied,A lot,NA,Somewhat likely,NA,NA,good,Republican,0,1,0,0,Win,2021-08-19T12:19:57Z,80,69,NA
2021-08-19 12:24:59,Democrat,NA,I understand. My candidate lost their primary.,NA,NA,NA,NA,74,65,67,Somewhat Satisfied,A moderate amount,NA,NA,Somewhat likely,NA,nice,Democrat,1,0,0,1,Loss,2021-08-19T12:24:59Z,74,65,Somewhat likely
2021-08-19 13:17:23,Democrat,NA,NA,I understand. My candidate won their primary.,NA,NA,NA,78,75,82,Very Satisfied,A great deal,NA,NA,NA,Extremely likely,good,Democrat,0,1,0,0,Win,2021-08-19T13:17:23Z,78,75,Extremely likely
2021-08-20 11:39:20,Independent,Neither Republican or Democrat,NA,NA,NA,NA,NA,0,0,75,Somewhat Dissatisfied,A little,NA,NA,NA,NA,NA,Independent,0,0,0,0,NA,2021-08-20T11:39:20Z,NA,NA,NA
2021-08-20 11:39:25,Republican,NA,NA,NA,NA,NA,Okay,12,70,23,NA,NA,NA,Somewhat likely,NA,NA,N/A,Republican,0,0,1,NA,Control,2021-08-20T11:39:25Z,70,12,NA
2021-08-20 11:39:42,Democrat,NA,NA,I understand. My candidate won their primary.,NA,NA,NA,79,75,95,Neither Satisfied nor Dissatisfied,A great deal,NA,NA,NA,Somewhat likely,NA,Democrat,0,1,0,0,Win,2021-08-20T11:39:42Z,79,75,Somewhat likely
2021-08-20 11:40:05,Democrat,NA,NA,NA,NA,NA,Okay,100,55,65,NA,NA,NA,NA,NA,Extremely likely,NA,Democrat,0,0,1,NA,Control,2021-08-20T11:40:05Z,100,55,NA
2021-08-20 11:39:47,Democrat,NA,NA,NA,NA,NA,Okay,100,69,61,NA,NA,NA,NA,NA,Extremely likely,Nothing,Democrat,0,0,1,NA,Control,2021-08-20T11:39:47Z,100,69,NA
2021-08-20 11:40:22,Democrat,NA,I understand. My candidate lost their primary.,NA,NA,NA,NA,97,78,69,Very Satisfied,A great deal,NA,NA,Somewhat likely,NA,none,Democrat,1,0,0,1,Loss,2021-08-20T11:40:22Z,97,78,Somewhat likely
2021-08-20 11:39:56,Democrat,NA,NA,NA,NA,NA,Okay,89,67,65,NA,NA,NA,NA,NA,Somewhat likely,NA,Democrat,0,0,1,NA,Control,2021-08-20T11:39:56Z,89,67,NA
2021-08-20 11:40:30,Democrat,NA,NA,I understand. My candidate won their primary.,NA,NA,NA,74,19,55,Somewhat Satisfied,A moderate amount,NA,NA,NA,Somewhat likely,None,Democrat,0,1,0,0,Win,2021-08-20T11:40:30Z,74,19,Somewhat likely
2021-08-20 11:40:42,Democrat,NA,I understand. My candidate lost their primary.,NA,NA,NA,NA,76,60,78,Somewhat Satisfied,A lot,NA,NA,Somewhat likely,NA,GOOD,Democrat,1,0,0,1,Loss,2021-08-20T11:40:42Z,76,60,Somewhat likely
2021-08-20 11:39:43,Republican,NA,NA,NA,I understand. My candidate lost their primary.,NA,NA,0,50,50,Very Dissatisfied,Not at all,Neither likely nor unlikely,NA,NA,NA,No comments,Republican,1,0,0,1,Loss,2021-08-20T11:39:43Z,50,0,Neither likely nor unlikely
2021-08-20 11:39:47,Republican,NA,NA,NA,NA,NA,Okay,82,90,85,NA,NA,NA,Extremely likely,NA,NA,NA,Republican,0,0,1,NA,Control,2021-08-20T11:39:47Z,90,82,NA
2021-08-20 11:41:03,Republican,NA,NA,NA,NA,NA,Okay,84,70,67,NA,NA,NA,Somewhat likely,NA,NA,good,Republican,0,0,1,NA,Control,2021-08-20T11:41:03Z,70,84,NA
2021-08-20 11:39:47,Democrat,NA,NA,I understand. My candidate won their primary.,NA,NA,NA,82,58,57,Very Satisfied,A lot,NA,NA,NA,Extremely likely,no comments,Democrat,0,1,0,0,Win,2021-08-20T11:39:47Z,82,58,Extremely likely
2021-08-20 11:38:48,Republican,NA,NA,NA,NA,NA,Okay,25,85,45,NA,NA,NA,Somewhat likely,NA,NA,NA,Republican,0,0,1,NA,Control,2021-08-20T11:38:48Z,85,25,NA
2021-08-20 11:39:30,Democrat,NA,NA,NA,NA,NA,Okay,87,0,73,NA,NA,NA,NA,NA,Somewhat likely,NA,Democrat,0,0,1,NA,Control,2021-08-20T11:39:30Z,87,0,NA
2021-08-20 11:39:24,Democrat,NA,I understand. My candidate lost their primary.,NA,NA,NA,NA,91,54,60,Very Satisfied,A great deal,NA,NA,Somewhat likely,NA,AWESOME SURVEY,Democrat,1,0,0,1,Loss,2021-08-20T11:39:24Z,91,54,Somewhat likely
2021-08-20 11:40:33,Republican,NA,NA,NA,I understand. My candidate lost their primary.,NA,NA,76,65,89,Somewhat Satisfied,A moderate amount,Extremely likely,NA,NA,NA,good,Republican,1,0,0,1,Loss,2021-08-20T11:40:33Z,65,76,Extremely likely
2021-08-20 11:40:02,Democrat,NA,NA,NA,NA,NA,Okay,30,10,24,NA,NA,NA,NA,NA,Somewhat likely,NA,Democrat,0,0,1,NA,Control,2021-08-20T11:40:02Z,30,10,NA
2021-08-20 11:39:48,Democrat,NA,NA,I understand. My candidate won their primary.,NA,NA,NA,88,74,64,Very Satisfied,A great deal,NA,NA,NA,Extremely likely,Interesting one,Democrat,0,1,0,0,Win,2021-08-20T11:39:48Z,88,74,Extremely likely
2021-08-20 11:39:36,Democrat,NA,I understand. My candidate lost their primary.,NA,NA,NA,NA,95,97,88,Very Satisfied,A lot,NA,NA,Extremely likely,NA,comfortable,Democrat,1,0,0,1,Loss,2021-08-20T11:39:36Z,95,97,Extremely likely
2021-08-20 11:40:40,Republican,NA,NA,NA,NA,I understand. My candidate won their primary.,NA,100,88,81,Very Satisfied,A lot,NA,Somewhat likely,NA,NA,good,Republican,0,1,0,0,Win,2021-08-20T11:40:40Z,88,100,NA
2021-08-20 11:40:19,Democrat,NA,NA,I understand. My candidate won their primary.,NA,NA,NA,85,20,50,Somewhat Dissatisfied,A little,NA,NA,NA,Extremely likely,NA,Democrat,0,1,0,0,Win,2021-08-20T11:40:19Z,85,20,Extremely likely
2021-08-20 11:40:41,Republican,NA,NA,NA,NA,NA,Okay,100,66,48,NA,NA,NA,Somewhat unlikely,NA,NA,nothing,Republican,0,0,1,NA,Control,2021-08-20T11:40:41Z,66,100,NA
2021-08-20 11:40:35,Republican,NA,NA,NA,I understand. My candidate lost their primary.,NA,NA,66,68,71,Somewhat Satisfied,A lot,Extremely likely,NA,NA,NA,good,Republican,1,0,0,1,Loss,2021-08-20T11:40:35Z,68,66,Extremely likely
2021-08-20 11:40:07,Republican,NA,NA,NA,NA,NA,Okay,83,100,91,NA,NA,NA,Extremely likely,NA,NA,good,Republican,0,0,1,NA,Control,2021-08-20T11:40:07Z,100,83,NA
2021-08-20 11:40:21,Republican,NA,NA,NA,I understand. My candidate lost their primary.,NA,NA,81,93,81,Somewhat Satisfied,A lot,Somewhat likely,NA,NA,NA,GOOD,Republican,1,0,0,1,Loss,2021-08-20T11:40:21Z,93,81,Somewhat likely
2021-08-20 11:39:32,Republican,NA,NA,NA,I understand. My candidate lost their primary.,NA,NA,0,100,0,Very Satisfied,A little,Extremely unlikely,NA,NA,NA,none,Republican,1,0,0,1,Loss,2021-08-20T11:39:32Z,100,0,Extremely unlikely
2021-08-20 11:41:59,Democrat,NA,NA,I understand. My candidate won their primary.,NA,NA,NA,100,71,64,Somewhat Satisfied,A great deal,NA,NA,NA,Extremely likely,Nothing,Democrat,0,1,0,0,Win,2021-08-20T11:41:59Z,100,71,Extremely likely
2021-08-20 11:39:07,Independent,Democratic,NA,I understand. My candidate won their primary.,NA,NA,NA,33,0,90,Somewhat Dissatisfied,Not at all,NA,NA,NA,Extremely likely,NA,Democrat,0,1,0,0,Win,2021-08-20T11:39:07Z,33,0,Extremely likely
2021-08-20 11:39:32,Democrat,NA,NA,I understand. My candidate won their primary.,NA,NA,NA,95,57,66,Somewhat Satisfied,A lot,NA,NA,NA,Extremely likely,NA,Democrat,0,1,0,0,Win,2021-08-20T11:39:32Z,95,57,Extremely likely
2021-08-20 11:42:13,Democrat,NA,NA,NA,NA,NA,Okay,78,64,69,NA,NA,NA,NA,NA,Somewhat likely,NA,Democrat,0,0,1,NA,Control,2021-08-20T11:42:13Z,78,64,NA
2021-08-20 11:40:31,Independent,Republican,NA,NA,I understand. My candidate lost their primary.,NA,NA,95,93,94,Very Satisfied,A great deal,Extremely likely,NA,NA,NA,NA,Republican,1,0,0,1,Loss,2021-08-20T11:40:31Z,93,95,Extremely likely
2021-08-20 11:42:21,Democrat,NA,I understand. My candidate lost their primary.,NA,NA,NA,NA,61,56,56,Very Satisfied,A great deal,NA,NA,Extremely likely,NA,very well,Democrat,1,0,0,1,Loss,2021-08-20T11:42:21Z,61,56,Extremely likely
2021-08-20 11:42:03,Democrat,NA,NA,I understand. My candidate won their primary.,NA,NA,NA,51,54,69,Somewhat Satisfied,A moderate amount,NA,NA,NA,Extremely likely,none,Democrat,0,1,0,0,Win,2021-08-20T11:42:03Z,51,54,Extremely likely
2021-08-20 11:40:28,Democrat,NA,I understand. My candidate lost their primary.,NA,NA,NA,NA,94,55,68,Very Satisfied,A great deal,NA,NA,Extremely likely,NA,NA,Democrat,1,0,0,1,Loss,2021-08-20T11:40:28Z,94,55,Extremely likely
2021-08-20 11:40:08,Democrat,NA,I understand. My candidate lost their primary.,NA,NA,NA,NA,78,66,66,Somewhat Satisfied,A lot,NA,NA,Extremely likely,NA,very attractive,Democrat,1,0,0,1,Loss,2021-08-20T11:40:08Z,78,66,Extremely likely
2021-08-20 11:41:45,Democrat,NA,NA,I understand. My candidate won their primary.,NA,NA,NA,55,50,50,Somewhat Satisfied,A moderate amount,NA,NA,NA,Somewhat likely,NA,Democrat,0,1,0,0,Win,2021-08-20T11:41:45Z,55,50,Somewhat likely
2021-08-20 11:41:21,Republican,NA,NA,NA,NA,NA,Okay,70,80,51,NA,NA,NA,Extremely likely,NA,NA,no comments,Republican,0,0,1,NA,Control,2021-08-20T11:41:21Z,80,70,NA
2021-08-20 11:40:19,Republican,NA,NA,NA,NA,NA,Okay,65,51,51,NA,NA,NA,Neither likely nor unlikely,NA,NA,NA,Republican,0,0,1,NA,Control,2021-08-20T11:40:19Z,51,65,NA
2021-08-20 11:41:43,Independent,Republican,NA,NA,NA,I understand. My candidate won their primary.,NA,61,39,54,Somewhat Dissatisfied,A great deal,NA,Neither likely nor unlikely,NA,NA,good questions,Republican,0,1,0,0,Win,2021-08-20T11:41:43Z,39,61,NA
2021-08-20 11:41:50,Democrat,NA,I understand. My candidate lost their primary.,NA,NA,NA,NA,64,89,75,Neither Satisfied nor Dissatisfied,A lot,NA,NA,Neither likely nor unlikely,NA,NA,Democrat,1,0,0,1,Loss,2021-08-20T11:41:50Z,64,89,Neither likely nor unlikely
2021-08-20 11:40:41,Republican,NA,NA,NA,I understand. My candidate lost their primary.,NA,NA,59,82,72,Very Satisfied,A great deal,Extremely likely,NA,NA,NA,Good,Republican,1,0,0,1,Loss,2021-08-20T11:40:41Z,82,59,Extremely likely
2021-08-20 11:40:37,Democrat,NA,NA,I understand. My candidate won their primary.,NA,NA,NA,85,68,68,Somewhat Satisfied,A moderate amount,NA,NA,NA,Somewhat likely,good,Democrat,0,1,0,0,Win,2021-08-20T11:40:37Z,85,68,Somewhat likely
2021-08-20 11:42:47,Democrat,NA,NA,NA,NA,NA,Okay,99,42,56,NA,NA,NA,NA,NA,Extremely likely,NA,Democrat,0,0,1,NA,Control,2021-08-20T11:42:47Z,99,42,NA
2021-08-20 11:41:06,Independent,Democratic,NA,NA,NA,NA,Okay,67,58,66,NA,NA,NA,NA,NA,Somewhat likely,GOOD JOB,Democrat,0,0,1,NA,Control,2021-08-20T11:41:06Z,67,58,NA
2021-08-20 11:39:55,Republican,NA,NA,NA,I understand. My candidate lost their primary.,NA,NA,60,65,95,Somewhat Satisfied,A moderate amount,Somewhat likely,NA,NA,NA,NA,Republican,1,0,0,1,Loss,2021-08-20T11:39:55Z,65,60,Somewhat likely
2021-08-20 11:40:27,Democrat,NA,NA,NA,NA,NA,Okay,71,90,76,NA,NA,NA,NA,NA,Somewhat likely,GOOD,Democrat,0,0,1,NA,Control,2021-08-20T11:40:27Z,71,90,NA
2021-08-20 11:40:53,Democrat,NA,NA,I understand. My candidate won their primary.,NA,NA,NA,91,15,60,Very Satisfied,A great deal,NA,NA,NA,Somewhat likely,this survey is very interesting,Democrat,0,1,0,0,Win,2021-08-20T11:40:53Z,91,15,Somewhat likely
2021-08-20 11:40:03,Republican,NA,NA,NA,NA,NA,Okay,94,85,91,NA,NA,NA,Somewhat likely,NA,NA,nothing,Republican,0,0,1,NA,Control,2021-08-20T11:40:03Z,85,94,NA
2021-08-20 11:42:48,Something Else,Neither Republican or Democrat,NA,NA,NA,NA,NA,11,0,8,Very Dissatisfied,Not at all,NA,NA,NA,NA,none,Independent,0,0,0,0,NA,2021-08-20T11:42:48Z,NA,NA,NA
2021-08-20 11:40:10,Independent,Neither Republican or Democrat,NA,NA,NA,NA,NA,54,51,67,Somewhat Satisfied,A lot,NA,NA,NA,NA,NA,Independent,0,0,0,0,NA,2021-08-20T11:40:10Z,NA,NA,NA
2021-08-20 11:39:38,Democrat,NA,NA,I understand. My candidate won their primary.,NA,NA,NA,100,0,51,Somewhat Satisfied,A moderate amount,NA,NA,NA,Extremely likely,NA,Democrat,0,1,0,0,Win,2021-08-20T11:39:38Z,100,0,Extremely likely
2021-08-20 11:41:13,Republican,NA,NA,NA,I understand. My candidate lost their primary.,NA,NA,96,69,86,Very Satisfied,A great deal,Extremely likely,NA,NA,NA,good,Republican,1,0,0,1,Loss,2021-08-20T11:41:13Z,69,96,Extremely likely
2021-08-20 11:40:22,Democrat,NA,I understand. My candidate lost their primary.,NA,NA,NA,NA,97,73,73,Somewhat Satisfied,A great deal,NA,NA,Somewhat likely,NA,N/A,Democrat,1,0,0,1,Loss,2021-08-20T11:40:22Z,97,73,Somewhat likely
2021-08-20 11:39:49,Democrat,NA,NA,NA,NA,NA,Okay,96,17,50,NA,NA,NA,NA,NA,Extremely likely,NA,Democrat,0,0,1,NA,Control,2021-08-20T11:39:49Z,96,17,NA
2021-08-20 11:40:35,Independent,Democratic,I understand. My candidate lost their primary.,NA,NA,NA,NA,68,74,77,Somewhat Satisfied,A moderate amount,NA,NA,Somewhat likely,NA,good,Democrat,1,0,0,1,Loss,2021-08-20T11:40:35Z,68,74,Somewhat likely
2021-08-20 11:39:41,Independent,Democratic,I understand. My candidate lost their primary.,NA,NA,NA,NA,3,0,71,Somewhat Dissatisfied,Not at all,NA,NA,Somewhat unlikely,NA,NA,Democrat,1,0,0,1,Loss,2021-08-20T11:39:41Z,3,0,Somewhat unlikely
2021-08-20 11:39:37,Democrat,NA,NA,NA,NA,NA,Okay,80,10,51,NA,NA,NA,NA,NA,Somewhat likely,NA,Democrat,0,0,1,NA,Control,2021-08-20T11:39:37Z,80,10,NA
2021-08-20 11:42:06,Democrat,NA,NA,I understand. My candidate won their primary.,NA,NA,NA,77,97,88,Very Satisfied,A lot,NA,NA,NA,Extremely likely,good,Democrat,0,1,0,0,Win,2021-08-20T11:42:06Z,77,97,Extremely likely
2021-08-20 11:40:39,Democrat,NA,NA,I understand. My candidate won their primary.,NA,NA,NA,100,31,93,Very Satisfied,A lot,NA,NA,NA,Extremely likely,NA,Democrat,0,1,0,0,Win,2021-08-20T11:40:39Z,100,31,Extremely likely
2021-08-20 11:43:22,Democrat,NA,NA,NA,NA,NA,Okay,99,87,80,NA,NA,NA,NA,NA,Somewhat likely,none,Democrat,0,0,1,NA,Control,2021-08-20T11:43:22Z,99,87,NA
2021-08-20 11:40:47,Republican,NA,NA,NA,NA,NA,Okay,94,95,89,NA,NA,NA,Extremely likely,NA,NA,Nice and good survey,Republican,0,0,1,NA,Control,2021-08-20T11:40:47Z,95,94,NA
2021-08-20 11:39:37,Republican,NA,NA,NA,I understand. My candidate lost their primary.,NA,NA,62,44,64,Somewhat Satisfied,A great deal,Somewhat likely,NA,NA,NA,good,Republican,1,0,0,1,Loss,2021-08-20T11:39:37Z,44,62,Somewhat likely
2021-08-20 11:41:05,Independent,Republican,NA,NA,NA,I understand. My candidate won their primary.,NA,55,88,64,Somewhat Satisfied,A lot,NA,Extremely likely,NA,NA,good,Republican,0,1,0,0,Win,2021-08-20T11:41:05Z,88,55,NA
2021-08-20 11:41:21,Democrat,NA,NA,I understand. My candidate won their primary.,NA,NA,NA,84,94,98,Very Satisfied,A lot,NA,NA,NA,Extremely likely,No,Democrat,0,1,0,0,Win,2021-08-20T11:41:21Z,84,94,Extremely likely
2021-08-20 11:40:27,Republican,NA,NA,NA,I understand. My candidate lost their primary.,NA,NA,84,79,86,Very Satisfied,A great deal,Extremely likely,NA,NA,NA,good,Republican,1,0,0,1,Loss,2021-08-20T11:40:27Z,79,84,Extremely likely
2021-08-20 11:40:40,Democrat,NA,NA,I understand. My candidate won their primary.,NA,NA,NA,98,73,86,Very Satisfied,A lot,NA,NA,NA,Somewhat likely,very interesting task,Democrat,0,1,0,0,Win,2021-08-20T11:40:40Z,98,73,Somewhat likely
2021-08-20 11:40:55,Democrat,NA,NA,NA,NA,NA,Okay,91,82,95,NA,NA,NA,NA,NA,Extremely likely,good,Democrat,0,0,1,NA,Control,2021-08-20T11:40:55Z,91,82,NA
2021-08-20 11:42:58,Republican,NA,NA,NA,NA,I understand. My candidate won their primary.,NA,72,42,75,Somewhat Satisfied,A moderate amount,NA,Somewhat likely,NA,NA,good,Republican,0,1,0,0,Win,2021-08-20T11:42:58Z,42,72,NA
2021-08-20 11:40:15,Democrat,NA,NA,I understand. My candidate won their primary.,NA,NA,NA,97,90,96,Very Satisfied,A great deal,NA,NA,NA,Extremely likely,VERY NICE AND EXCELLENT QUOTES...,Democrat,0,1,0,0,Win,2021-08-20T11:40:15Z,97,90,Extremely likely
2021-08-20 11:39:54,Democrat,NA,I understand. My candidate lost their primary.,NA,NA,NA,NA,87,29,24,Somewhat Satisfied,A lot,NA,NA,Somewhat unlikely,NA,good,Democrat,1,0,0,1,Loss,2021-08-20T11:39:54Z,87,29,Somewhat unlikely
2021-08-20 11:43:16,Republican,NA,NA,NA,I understand. My candidate lost their primary.,NA,NA,67,32,67,Somewhat Satisfied,A lot,Somewhat likely,NA,NA,NA,good,Republican,1,0,0,1,Loss,2021-08-20T11:43:16Z,32,67,Somewhat likely
2021-08-20 11:41:15,Democrat,NA,NA,NA,NA,NA,Okay,89,73,56,NA,NA,NA,NA,NA,Somewhat likely,good,Democrat,0,0,1,NA,Control,2021-08-20T11:41:15Z,89,73,NA
2021-08-20 11:41:36,Independent,Democratic,NA,NA,NA,NA,Okay,80,69,84,NA,NA,NA,NA,NA,Somewhat likely,NONE,Democrat,0,0,1,NA,Control,2021-08-20T11:41:36Z,80,69,NA
2021-08-20 11:39:35,Republican,NA,NA,NA,NA,NA,Okay,50,51,17,NA,NA,NA,Extremely likely,NA,NA,NA,Republican,0,0,1,NA,Control,2021-08-20T11:39:35Z,51,50,NA
2021-08-20 11:40:20,Republican,NA,NA,NA,NA,NA,Okay,47,98,90,NA,NA,NA,Neither likely nor unlikely,NA,NA,none,Republican,0,0,1,NA,Control,2021-08-20T11:40:20Z,98,47,NA
2021-08-20 11:41:44,Democrat,NA,NA,NA,NA,NA,Okay,57,65,56,NA,NA,NA,NA,NA,Extremely likely,good,Democrat,0,0,1,NA,Control,2021-08-20T11:41:44Z,57,65,NA
2021-08-20 11:40:11,Democrat,NA,NA,I understand. My candidate won their primary.,NA,NA,NA,85,91,79,Somewhat Satisfied,A great deal,NA,NA,NA,Somewhat likely,good,Democrat,0,1,0,0,Win,2021-08-20T11:40:11Z,85,91,Somewhat likely
2021-08-20 11:43:18,Democrat,NA,NA,NA,NA,NA,Okay,92,57,92,NA,NA,NA,NA,NA,Extremely likely,GOOD SURVEY,Democrat,0,0,1,NA,Control,2021-08-20T11:43:18Z,92,57,NA
2021-08-20 11:41:08,Democrat,NA,NA,I understand. My candidate won their primary.,NA,NA,NA,79,69,79,Very Satisfied,A lot,NA,NA,NA,Extremely likely,NA,Democrat,0,1,0,0,Win,2021-08-20T11:41:08Z,79,69,Extremely likely
2021-08-20 11:43:37,Democrat,NA,I understand. My candidate lost their primary.,NA,NA,NA,NA,70,38,45,Neither Satisfied nor Dissatisfied,A lot,NA,NA,Neither likely nor unlikely,NA,OK,Democrat,1,0,0,1,Loss,2021-08-20T11:43:37Z,70,38,Neither likely nor unlikely
2021-08-20 11:44:12,Something Else,Democratic,NA,I understand. My candidate won their primary.,NA,NA,NA,83,72,76,Neither Satisfied nor Dissatisfied,A lot,NA,NA,NA,Neither likely nor unlikely,NA,Democrat,0,1,0,0,Win,2021-08-20T11:44:12Z,83,72,Neither likely nor unlikely
2021-08-20 11:43:10,Republican,NA,NA,NA,NA,I understand. My candidate won their primary.,NA,85,75,85,Very Satisfied,A great deal,NA,Extremely likely,NA,NA,useful,Republican,0,1,0,0,Win,2021-08-20T11:43:10Z,75,85,NA
2021-08-20 11:44:11,Democrat,NA,I understand. My candidate lost their primary.,NA,NA,NA,NA,61,100,60,Very Satisfied,A great deal,NA,NA,Extremely likely,NA,NONE,Democrat,1,0,0,1,Loss,2021-08-20T11:44:11Z,61,100,Extremely likely
2021-08-20 11:42:37,Independent,Neither Republican or Democrat,NA,NA,NA,NA,NA,54,51,77,Somewhat Satisfied,A lot,NA,NA,NA,NA,no,Independent,0,0,0,0,NA,2021-08-20T11:42:37Z,NA,NA,NA
2021-08-20 11:40:07,Democrat,NA,NA,NA,NA,NA,Okay,100,33,72,NA,NA,NA,NA,NA,Extremely likely,Good Topic of Survey... Thank you,Democrat,0,0,1,NA,Control,2021-08-20T11:40:07Z,100,33,NA
2021-08-20 11:44:14,Republican,NA,NA,NA,I understand. My candidate lost their primary.,NA,NA,77,65,81,Somewhat Satisfied,A great deal,Somewhat likely,NA,NA,NA,good,Republican,1,0,0,1,Loss,2021-08-20T11:44:14Z,65,77,Somewhat likely
2021-08-20 11:42:02,Democrat,NA,NA,NA,NA,NA,Okay,100,84,100,NA,NA,NA,NA,NA,Extremely likely,good,Democrat,0,0,1,NA,Control,2021-08-20T11:42:02Z,100,84,NA
2021-08-20 11:39:32,Republican,NA,NA,NA,NA,NA,Okay,95,98,100,NA,NA,NA,Extremely likely,NA,NA,very nice,Republican,0,0,1,NA,Control,2021-08-20T11:39:32Z,98,95,NA
2021-08-20 11:43:45,Republican,NA,NA,NA,NA,NA,Okay,94,99,95,NA,NA,NA,Extremely likely,NA,NA,good survey,Republican,0,0,1,NA,Control,2021-08-20T11:43:45Z,99,94,NA
2021-08-20 11:41:24,Republican,NA,NA,NA,NA,I understand. My candidate won their primary.,NA,60,81,91,Somewhat Satisfied,A moderate amount,NA,Somewhat likely,NA,NA,nice,Republican,0,1,0,0,Win,2021-08-20T11:41:24Z,81,60,NA
2021-08-20 11:40:32,Democrat,NA,NA,I understand. My candidate won their primary.,NA,NA,NA,87,66,66,Somewhat Satisfied,A lot,NA,NA,NA,Somewhat likely,nothing,Democrat,0,1,0,0,Win,2021-08-20T11:40:32Z,87,66,Somewhat likely
2021-08-20 11:40:59,Democrat,NA,NA,NA,NA,NA,Okay,85,57,72,NA,NA,NA,NA,NA,Somewhat likely,NA,Democrat,0,0,1,NA,Control,2021-08-20T11:40:59Z,85,57,NA
2021-08-20 11:43:52,Republican,NA,NA,NA,I understand. My candidate lost their primary.,NA,NA,73,60,70,Very Satisfied,A great deal,Extremely likely,NA,NA,NA,GOOD,Republican,1,0,0,1,Loss,2021-08-20T11:43:52Z,60,73,Extremely likely
2021-08-20 11:44:23,Republican,NA,NA,NA,I understand. My candidate lost their primary.,NA,NA,51,51,54,Somewhat Satisfied,A lot,Extremely likely,NA,NA,NA,NA,Republican,1,0,0,1,Loss,2021-08-20T11:44:23Z,51,51,Extremely likely
2021-08-20 11:43:56,Democrat,NA,I understand. My candidate lost their primary.,NA,NA,NA,NA,83,42,46,Somewhat Satisfied,A lot,NA,NA,Somewhat likely,NA,no comments,Democrat,1,0,0,1,Loss,2021-08-20T11:43:56Z,83,42,Somewhat likely
2021-08-20 11:44:13,Independent,Neither Republican or Democrat,NA,NA,NA,NA,NA,46,45,52,Neither Satisfied nor Dissatisfied,A little,NA,NA,NA,NA,NA,Independent,0,0,0,0,NA,2021-08-20T11:44:13Z,NA,NA,NA
2021-08-20 11:43:50,Democrat,NA,NA,NA,NA,NA,Okay,84,9,62,NA,NA,NA,NA,NA,Extremely likely,good,Democrat,0,0,1,NA,Control,2021-08-20T11:43:50Z,84,9,NA
2021-08-20 11:44:27,Democrat,NA,NA,NA,NA,NA,Okay,67,85,76,NA,NA,NA,NA,NA,Somewhat likely,No comments,Democrat,0,0,1,NA,Control,2021-08-20T11:44:27Z,67,85,NA
2021-08-20 11:42:34,Democrat,NA,NA,NA,NA,NA,Okay,84,69,64,NA,NA,NA,NA,NA,Somewhat likely,Nice,Democrat,0,0,1,NA,Control,2021-08-20T11:42:34Z,84,69,NA
2021-08-20 11:41:25,Democrat,NA,I understand. My candidate lost their primary.,NA,NA,NA,NA,89,56,65,Somewhat Satisfied,A lot,NA,NA,Extremely likely,NA,Good,Democrat,1,0,0,1,Loss,2021-08-20T11:41:25Z,89,56,Extremely likely
2021-08-20 11:40:29,Democrat,NA,I understand. My candidate lost their primary.,NA,NA,NA,NA,87,48,57,Somewhat Satisfied,A lot,NA,NA,Somewhat likely,NA,NA,Democrat,1,0,0,1,Loss,2021-08-20T11:40:29Z,87,48,Somewhat likely
2021-08-20 11:40:31,Democrat,NA,NA,NA,NA,NA,Okay,64,70,48,NA,NA,NA,NA,NA,Extremely unlikely,like,Democrat,0,0,1,NA,Control,2021-08-20T11:40:31Z,64,70,NA
2021-08-20 11:40:16,Democrat,NA,I understand. My candidate lost their primary.,NA,NA,NA,NA,92,50,45,Somewhat Satisfied,A lot,NA,NA,Extremely likely,NA,NA,Democrat,1,0,0,1,Loss,2021-08-20T11:40:16Z,92,50,Extremely likely
2021-08-20 11:45:03,Democrat,NA,NA,NA,NA,NA,Okay,75,95,84,NA,NA,NA,NA,NA,Extremely likely,good,Democrat,0,0,1,NA,Control,2021-08-20T11:45:03Z,75,95,NA
2021-08-20 11:44:34,Democrat,NA,I understand. My candidate lost their primary.,NA,NA,NA,NA,87,67,68,Very Satisfied,A lot,NA,NA,Somewhat likely,NA,very well,Democrat,1,0,0,1,Loss,2021-08-20T11:44:34Z,87,67,Somewhat likely
2021-08-20 11:41:13,Democrat,NA,NA,NA,NA,NA,Okay,86,70,61,NA,NA,NA,NA,NA,Somewhat likely,NICE STUDY,Democrat,0,0,1,NA,Control,2021-08-20T11:41:13Z,86,70,NA
2021-08-20 11:44:33,Democrat,NA,NA,I understand. My candidate won their primary.,NA,NA,NA,82,28,64,Somewhat Satisfied,A moderate amount,NA,NA,NA,Somewhat likely,NA,Democrat,0,1,0,0,Win,2021-08-20T11:44:33Z,82,28,Somewhat likely
2021-08-20 11:44:20,Democrat,NA,I understand. My candidate lost their primary.,NA,NA,NA,NA,72,87,62,Very Satisfied,A great deal,NA,NA,Somewhat likely,NA,good,Democrat,1,0,0,1,Loss,2021-08-20T11:44:20Z,72,87,Somewhat likely
2021-08-20 11:40:38,Democrat,NA,NA,NA,NA,NA,Okay,89,77,72,NA,NA,NA,NA,NA,Somewhat likely,good,Democrat,0,0,1,NA,Control,2021-08-20T11:40:38Z,89,77,NA
2021-08-20 11:41:21,Independent,Democratic,I understand. My candidate lost their primary.,NA,NA,NA,NA,92,98,86,Very Satisfied,A lot,NA,NA,Extremely likely,NA,nice survey,Democrat,1,0,0,1,Loss,2021-08-20T11:41:21Z,92,98,Extremely likely
2021-08-20 11:44:33,Republican,NA,NA,NA,NA,NA,Okay,86,80,96,NA,NA,NA,Extremely likely,NA,NA,The survey is very interesting,Republican,0,0,1,NA,Control,2021-08-20T11:44:33Z,80,86,NA
2021-08-20 11:40:38,Republican,NA,NA,NA,NA,NA,Okay,53,86,64,NA,NA,NA,Neither likely nor unlikely,NA,NA,None,Republican,0,0,1,NA,Control,2021-08-20T11:40:38Z,86,53,NA
2021-08-20 11:45:40,Republican,NA,NA,NA,NA,NA,Okay,100,85,83,NA,NA,NA,Extremely likely,NA,NA,good,Republican,0,0,1,NA,Control,2021-08-20T11:45:40Z,85,100,NA
2021-08-20 11:45:37,Democrat,NA,NA,NA,NA,NA,Okay,71,46,53,NA,NA,NA,NA,NA,Neither likely nor unlikely,OK,Democrat,0,0,1,NA,Control,2021-08-20T11:45:37Z,71,46,NA
2021-08-20 11:41:26,Democrat,NA,I understand. My candidate lost their primary.,NA,NA,NA,NA,81,70,82,Somewhat Satisfied,A little,NA,NA,Somewhat likely,NA,survey is good,Democrat,1,0,0,1,Loss,2021-08-20T11:41:26Z,81,70,Somewhat likely
2021-08-20 11:41:19,Republican,NA,NA,NA,NA,I understand. My candidate won their primary.,NA,68,82,69,Neither Satisfied nor Dissatisfied,A lot,NA,Somewhat likely,NA,NA,No comments,Republican,0,1,0,0,Win,2021-08-20T11:41:19Z,82,68,NA
2021-08-20 11:42:43,Democrat,NA,NA,NA,NA,NA,Okay,92,73,67,NA,NA,NA,NA,NA,Somewhat likely,good,Democrat,0,0,1,NA,Control,2021-08-20T11:42:43Z,92,73,NA
2021-08-20 11:46:25,Democrat,NA,NA,I understand. My candidate won their primary.,NA,NA,NA,70,61,57,Somewhat Satisfied,A moderate amount,NA,NA,NA,Somewhat likely,nice,Democrat,0,1,0,0,Win,2021-08-20T11:46:25Z,70,61,Somewhat likely
2021-08-20 11:41:07,Democrat,NA,NA,NA,NA,NA,Okay,75,58,62,NA,NA,NA,NA,NA,Somewhat likely,good and nice,Democrat,0,0,1,NA,Control,2021-08-20T11:41:07Z,75,58,NA
2021-08-20 11:42:07,Democrat,NA,I understand. My candidate lost their primary.,NA,NA,NA,NA,66,90,69,Very Satisfied,A lot,NA,NA,Somewhat likely,NA,Good Survey,Democrat,1,0,0,1,Loss,2021-08-20T11:42:07Z,66,90,Somewhat likely
2021-08-20 11:39:57,Democrat,NA,NA,I understand. My candidate won their primary.,NA,NA,NA,100,1,9,Very Satisfied,A great deal,NA,NA,NA,Extremely likely,Good,Democrat,0,1,0,0,Win,2021-08-20T11:39:57Z,100,1,Extremely likely
2021-08-20 11:41:19,Democrat,NA,NA,NA,NA,NA,Okay,90,80,80,NA,NA,NA,NA,NA,Extremely likely,None,Democrat,0,0,1,NA,Control,2021-08-20T11:41:19Z,90,80,NA
2021-08-20 11:44:54,Democrat,NA,I understand. My candidate lost their primary.,NA,NA,NA,NA,81,0,50,Very Dissatisfied,A moderate amount,NA,NA,Extremely likely,NA,NA,Democrat,1,0,0,1,Loss,2021-08-20T11:44:54Z,81,0,Extremely likely
2021-08-20 11:44:22,Democrat,NA,NA,I understand. My candidate won their primary.,NA,NA,NA,80,100,88,Somewhat Satisfied,A great deal,NA,NA,NA,Somewhat likely,No comments,Democrat,0,1,0,0,Win,2021-08-20T11:44:22Z,80,100,Somewhat likely
2021-08-20 11:40:37,Democrat,NA,I understand. My candidate lost their primary.,NA,NA,NA,NA,100,71,97,Somewhat Satisfied,A great deal,NA,NA,Somewhat likely,NA,good,Democrat,1,0,0,1,Loss,2021-08-20T11:40:37Z,100,71,Somewhat likely
2021-08-20 11:42:48,Democrat,NA,NA,I understand. My candidate won their primary.,NA,NA,NA,84,68,85,Somewhat Satisfied,A lot,NA,NA,NA,Extremely likely,survey is good,Democrat,0,1,0,0,Win,2021-08-20T11:42:48Z,84,68,Extremely likely
2021-08-20 11:46:19,Democrat,NA,NA,NA,NA,NA,Okay,80,71,66,NA,NA,NA,NA,NA,Somewhat likely,good,Democrat,0,0,1,NA,Control,2021-08-20T11:46:19Z,80,71,NA
2021-08-20 11:46:29,Democrat,NA,NA,I understand. My candidate won their primary.,NA,NA,NA,82,69,95,Neither Satisfied nor Dissatisfied,A lot,NA,NA,NA,Neither likely nor unlikely,NA,Democrat,0,1,0,0,Win,2021-08-20T11:46:29Z,82,69,Neither likely nor unlikely
2021-08-20 11:44:46,Democrat,NA,NA,I understand. My candidate won their primary.,NA,NA,NA,78,94,82,Very Satisfied,A great deal,NA,NA,NA,Extremely likely,good,Democrat,0,1,0,0,Win,2021-08-20T11:44:46Z,78,94,Extremely likely
2021-08-20 11:42:49,Republican,NA,NA,NA,I understand. My candidate lost their primary.,NA,NA,62,40,72,Very Satisfied,A moderate amount,Neither likely nor unlikely,NA,NA,NA,None,Republican,1,0,0,1,Loss,2021-08-20T11:42:49Z,40,62,Neither likely nor unlikely
2021-08-20 11:40:16,Democrat,NA,I understand. My candidate lost their primary.,NA,NA,NA,NA,100,51,80,Very Satisfied,A lot,NA,NA,Extremely likely,NA,good,Democrat,1,0,0,1,Loss,2021-08-20T11:40:16Z,100,51,Extremely likely
2021-08-20 11:45:49,Democrat,NA,NA,NA,NA,NA,Okay,100,90,74,NA,NA,NA,NA,NA,Extremely likely,Good Survey,Democrat,0,0,1,NA,Control,2021-08-20T11:45:49Z,100,90,NA
2021-08-20 11:41:09,Democrat,NA,NA,I understand. My candidate won their primary.,NA,NA,NA,88,67,89,Somewhat Satisfied,A moderate amount,NA,NA,NA,Somewhat likely,none,Democrat,0,1,0,0,Win,2021-08-20T11:41:09Z,88,67,Somewhat likely
2021-08-20 11:46:34,Democrat,NA,NA,I understand. My candidate won their primary.,NA,NA,NA,86,70,70,Very Satisfied,A great deal,NA,NA,NA,Extremely likely,very well,Democrat,0,1,0,0,Win,2021-08-20T11:46:34Z,86,70,Extremely likely
2021-08-20 11:46:47,Democrat,NA,I understand. My candidate lost their primary.,NA,NA,NA,NA,86,18,54,Very Satisfied,A great deal,NA,NA,Extremely likely,NA,good,Democrat,1,0,0,1,Loss,2021-08-20T11:46:47Z,86,18,Extremely likely
2021-08-20 11:44:50,Democrat,NA,NA,I understand. My candidate won their primary.,NA,NA,NA,92,63,72,Very Satisfied,A lot,NA,NA,NA,Extremely likely,NA,Democrat,0,1,0,0,Win,2021-08-20T11:44:50Z,92,63,Extremely likely
2021-08-20 11:45:25,Republican,NA,NA,NA,NA,I understand. My candidate won their primary.,NA,62,85,71,Very Satisfied,A great deal,NA,Extremely likely,NA,NA,NA,Republican,0,1,0,0,Win,2021-08-20T11:45:25Z,85,62,NA
2021-08-20 11:40:21,Democrat,NA,I understand. My candidate lost their primary.,NA,NA,NA,NA,85,57,56,Somewhat Satisfied,A lot,NA,NA,Somewhat likely,NA,good,Democrat,1,0,0,1,Loss,2021-08-20T11:40:21Z,85,57,Somewhat likely
2021-08-20 11:46:51,Democrat,NA,NA,I understand. My candidate won their primary.,NA,NA,NA,100,57,55,Very Satisfied,A lot,NA,NA,NA,Somewhat likely,GOOD SURVEY,Democrat,0,1,0,0,Win,2021-08-20T11:46:51Z,100,57,Somewhat likely
2021-08-20 11:45:13,Republican,NA,NA,NA,NA,I understand. My candidate won their primary.,NA,22,98,45,Neither Satisfied nor Dissatisfied,A lot,NA,Somewhat likely,NA,NA,nice,Republican,0,1,0,0,Win,2021-08-20T11:45:13Z,98,22,NA
2021-08-20 11:44:29,Democrat,NA,NA,I understand. My candidate won their primary.,NA,NA,NA,91,0,82,Somewhat Dissatisfied,A little,NA,NA,NA,Somewhat likely,NA,Democrat,0,1,0,0,Win,2021-08-20T11:44:29Z,91,0,Somewhat likely
2021-08-20 11:41:03,Democrat,NA,NA,NA,NA,NA,Okay,95,22,18,NA,NA,NA,NA,NA,Extremely likely,good study,Democrat,0,0,1,NA,Control,2021-08-20T11:41:03Z,95,22,NA
2021-08-20 11:46:37,Democrat,NA,NA,NA,NA,NA,Okay,98,19,71,NA,NA,NA,NA,NA,Extremely likely,NA,Democrat,0,0,1,NA,Control,2021-08-20T11:46:37Z,98,19,NA
2021-08-20 11:46:32,Democrat,NA,I understand. My candidate lost their primary.,NA,NA,NA,NA,65,62,56,Very Satisfied,A great deal,NA,NA,Extremely unlikely,NA,like,Democrat,1,0,0,1,Loss,2021-08-20T11:46:32Z,65,62,Extremely unlikely
2021-08-20 11:47:46,Democrat,NA,NA,NA,NA,NA,Okay,74,90,83,NA,NA,NA,NA,NA,Neither likely nor unlikely,NA,Democrat,0,0,1,NA,Control,2021-08-20T11:47:46Z,74,90,NA
2021-08-20 11:40:27,Democrat,NA,NA,I understand. My candidate won their primary.,NA,NA,NA,82,93,64,Very Satisfied,A great deal,NA,NA,NA,Somewhat likely,No,Democrat,0,1,0,0,Win,2021-08-20T11:40:27Z,82,93,Somewhat likely
2021-08-20 11:47:53,Democrat,NA,NA,NA,NA,NA,Okay,71,74,73,NA,NA,NA,NA,NA,Somewhat likely,good,Democrat,0,0,1,NA,Control,2021-08-20T11:47:53Z,71,74,NA
2021-08-20 11:40:53,Democrat,NA,I understand. My candidate lost their primary.,NA,NA,NA,NA,91,15,29,Somewhat Satisfied,A lot,NA,NA,Neither likely nor unlikely,NA,No comments,Democrat,1,0,0,1,Loss,2021-08-20T11:40:53Z,91,15,Neither likely nor unlikely
2021-08-20 11:47:33,Democrat,NA,NA,I understand. My candidate won their primary.,NA,NA,NA,72,55,52,Neither Satisfied nor Dissatisfied,A lot,NA,NA,NA,Neither likely nor unlikely,OK,Democrat,0,1,0,0,Win,2021-08-20T11:47:33Z,72,55,Neither likely nor unlikely
2021-08-20 11:47:51,Democrat,NA,I understand. My candidate lost their primary.,NA,NA,NA,NA,83,95,76,Somewhat Satisfied,A great deal,NA,NA,Extremely likely,NA,No comments,Democrat,1,0,0,1,Loss,2021-08-20T11:47:51Z,83,95,Extremely likely
2021-08-20 11:47:23,Democrat,NA,I understand. My candidate lost their primary.,NA,NA,NA,NA,99,100,86,Neither Satisfied nor Dissatisfied,A great deal,NA,NA,Somewhat likely,NA,NA,Democrat,1,0,0,1,Loss,2021-08-20T11:47:23Z,99,100,Somewhat likely
2021-08-20 11:41:08,Democrat,NA,NA,I understand. My candidate won their primary.,NA,NA,NA,69,80,63,Somewhat Dissatisfied,A moderate amount,NA,NA,NA,Somewhat likely,NA,Democrat,0,1,0,0,Win,2021-08-20T11:41:08Z,69,80,Somewhat likely
2021-08-20 11:41:35,Democrat,NA,I understand. My candidate lost their primary.,NA,NA,NA,NA,67,43,55,Somewhat Satisfied,A lot,NA,NA,Somewhat unlikely,NA,This survey was good,Democrat,1,0,0,1,Loss,2021-08-20T11:41:35Z,67,43,Somewhat unlikely
2021-08-20 11:46:19,Republican,NA,NA,NA,NA,I understand. My candidate won their primary.,NA,58,94,83,Somewhat Satisfied,A lot,NA,Somewhat likely,NA,NA,no comment,Republican,0,1,0,0,Win,2021-08-20T11:46:19Z,94,58,NA
2021-08-20 11:48:11,Democrat,NA,NA,I understand. My candidate won their primary.,NA,NA,NA,100,93,75,Very Satisfied,A great deal,NA,NA,NA,Extremely likely,interesting one,Democrat,0,1,0,0,Win,2021-08-20T11:48:11Z,100,93,Extremely likely
2021-08-20 11:41:10,Democrat,NA,NA,I understand. My candidate won their primary.,NA,NA,NA,89,41,28,Somewhat Satisfied,A great deal,NA,NA,NA,Extremely likely,Good survey and interesting.,Democrat,0,1,0,0,Win,2021-08-20T11:41:10Z,89,41,Extremely likely
2021-08-20 11:45:22,Republican,NA,NA,NA,I understand. My candidate lost their primary.,NA,NA,84,99,72,Somewhat Satisfied,A great deal,Somewhat likely,NA,NA,NA,no comments,Republican,1,0,0,1,Loss,2021-08-20T11:45:22Z,99,84,Somewhat likely
2021-08-20 11:43:51,Independent,Republican,NA,NA,I understand. My candidate lost their primary.,NA,NA,50,25,25,Very Satisfied,A lot,Extremely likely,NA,NA,NA,nice,Republican,1,0,0,1,Loss,2021-08-20T11:43:51Z,25,50,Extremely likely
2021-08-20 11:48:40,Democrat,NA,NA,NA,NA,NA,Okay,86,61,89,NA,NA,NA,NA,NA,Somewhat likely,good,Democrat,0,0,1,NA,Control,2021-08-20T11:48:40Z,86,61,NA
2021-08-20 11:45:24,Democrat,NA,NA,I understand. My candidate won their primary.,NA,NA,NA,97,75,74,Very Satisfied,A great deal,NA,NA,NA,Extremely likely,GOOD,Democrat,0,1,0,0,Win,2021-08-20T11:45:24Z,97,75,Extremely likely
2021-08-20 11:45:08,Democrat,NA,NA,I understand. My candidate won their primary.,NA,NA,NA,18,61,42,Somewhat Dissatisfied,A little,NA,NA,NA,Somewhat likely,NA,Democrat,0,1,0,0,Win,2021-08-20T11:45:08Z,18,61,Somewhat likely
2021-08-20 11:46:27,Democrat,NA,I understand. My candidate lost their primary.,NA,NA,NA,NA,88,76,73,Very Satisfied,A lot,NA,NA,Somewhat likely,NA,GOOD,Democrat,1,0,0,1,Loss,2021-08-20T11:46:27Z,88,76,Somewhat likely
2021-08-20 11:41:03,Republican,NA,NA,NA,I understand. My candidate lost their primary.,NA,NA,5,96,12,Somewhat Dissatisfied,A lot,Extremely likely,NA,NA,NA,good study,Republican,1,0,0,1,Loss,2021-08-20T11:41:03Z,96,5,Extremely likely
2021-08-20 11:41:49,Independent,Neither Republican or Democrat,NA,NA,NA,NA,NA,65,88,100,Neither Satisfied nor Dissatisfied,A lot,NA,NA,NA,NA,It's a quite informative survey,Independent,0,0,0,0,NA,2021-08-20T11:41:49Z,NA,NA,NA
2021-08-20 11:40:40,Democrat,NA,I understand. My candidate lost their primary.,NA,NA,NA,NA,75,67,65,Neither Satisfied nor Dissatisfied,A moderate amount,NA,NA,Neither likely nor unlikely,NA,none,Democrat,1,0,0,1,Loss,2021-08-20T11:40:40Z,75,67,Neither likely nor unlikely
2021-08-20 11:47:56,Republican,NA,NA,NA,NA,NA,Okay,54,75,41,NA,NA,NA,Neither likely nor unlikely,NA,NA,None,Republican,0,0,1,NA,Control,2021-08-20T11:47:56Z,75,54,NA
2021-08-20 11:39:48,Republican,NA,NA,NA,I understand. My candidate lost their primary.,NA,NA,50,84,66,Somewhat Satisfied,A lot,Somewhat likely,NA,NA,NA,No comments,Republican,1,0,0,1,Loss,2021-08-20T11:39:48Z,84,50,Somewhat likely
2021-08-20 11:46:03,Democrat,NA,NA,I understand. My candidate won their primary.,NA,NA,NA,84,44,57,Neither Satisfied nor Dissatisfied,A moderate amount,NA,NA,NA,Somewhat likely,NA,Democrat,0,1,0,0,Win,2021-08-20T11:46:03Z,84,44,Somewhat likely
2021-08-20 11:41:09,Independent,Republican,NA,NA,I understand. My candidate lost their primary.,NA,NA,75,91,75,Somewhat Satisfied,A lot,Neither likely nor unlikely,NA,NA,NA,NO COMMENTS,Republican,1,0,0,1,Loss,2021-08-20T11:41:09Z,91,75,Neither likely nor unlikely
2021-08-20 11:47:23,Republican,NA,NA,NA,NA,I understand. My candidate won their primary.,NA,74,89,81,Somewhat Satisfied,A lot,NA,Extremely likely,NA,NA,none,Republican,0,1,0,0,Win,2021-08-20T11:47:23Z,89,74,NA
2021-08-20 11:47:52,Republican,NA,NA,NA,I understand. My candidate lost their primary.,NA,NA,60,70,80,Somewhat Satisfied,A lot,Somewhat likely,NA,NA,NA,good,Republican,1,0,0,1,Loss,2021-08-20T11:47:52Z,70,60,Somewhat likely
2021-08-20 11:42:25,Independent,Republican,NA,NA,NA,I understand. My candidate won their primary.,NA,64,65,83,Very Satisfied,A great deal,NA,Somewhat likely,NA,NA,GOOD,Republican,0,1,0,0,Win,2021-08-20T11:42:25Z,65,64,NA
2021-08-20 11:47:52,Democrat,NA,NA,NA,NA,NA,Okay,90,80,80,NA,NA,NA,NA,NA,Extremely likely,None.,Democrat,0,0,1,NA,Control,2021-08-20T11:47:52Z,90,80,NA
2021-08-20 11:42:00,Democrat,NA,NA,I understand. My candidate won their primary.,NA,NA,NA,100,52,87,Somewhat Satisfied,A lot,NA,NA,NA,Extremely likely,NA,Democrat,0,1,0,0,Win,2021-08-20T11:42:00Z,100,52,Extremely likely
2021-08-20 11:50:14,Democrat,NA,I understand. My candidate lost their primary.,NA,NA,NA,NA,67,10,51,Neither Satisfied nor Dissatisfied,A moderate amount,NA,NA,Extremely likely,NA,NA,Democrat,1,0,0,1,Loss,2021-08-20T11:50:14Z,67,10,Extremely likely
2021-08-20 11:43:57,Democrat,NA,NA,I understand. My candidate won their primary.,NA,NA,NA,78,94,85,Very Satisfied,A great deal,NA,NA,NA,Extremely likely,GOOD,Democrat,0,1,0,0,Win,2021-08-20T11:43:57Z,78,94,Extremely likely
2021-08-20 11:47:43,Republican,NA,NA,NA,NA,NA,Okay,6,66,74,NA,NA,NA,Extremely likely,NA,NA,Thank you,Republican,0,0,1,NA,Control,2021-08-20T11:47:43Z,66,6,NA
2021-08-20 11:47:42,Republican,NA,NA,NA,NA,NA,Okay,80,90,83,NA,NA,NA,Extremely likely,NA,NA,Nothing,Republican,0,0,1,NA,Control,2021-08-20T11:47:42Z,90,80,NA
2021-08-20 11:49:03,Democrat,NA,NA,I understand. My candidate won their primary.,NA,NA,NA,92,77,84,Somewhat Satisfied,A moderate amount,NA,NA,NA,Neither likely nor unlikely,NA,Democrat,0,1,0,0,Win,2021-08-20T11:49:03Z,92,77,Neither likely nor unlikely
2021-08-20 11:41:28,Democrat,NA,NA,I understand. My candidate won their primary.,NA,NA,NA,83,66,90,Neither Satisfied nor Dissatisfied,A moderate amount,NA,NA,NA,Neither likely nor unlikely,none,Democrat,0,1,0,0,Win,2021-08-20T11:41:28Z,83,66,Neither likely nor unlikely
2021-08-20 11:49:03,Democrat,NA,I understand. My candidate lost their primary.,NA,NA,NA,NA,100,67,69,Very Satisfied,A great deal,NA,NA,Extremely likely,NA,NA,Democrat,1,0,0,1,Loss,2021-08-20T11:49:03Z,100,67,Extremely likely
2021-08-20 11:49:41,Republican,NA,NA,NA,I understand. My candidate lost their primary.,NA,NA,60,70,59,Neither Satisfied nor Dissatisfied,A moderate amount,Neither likely nor unlikely,NA,NA,NA,No comments,Republican,1,0,0,1,Loss,2021-08-20T11:49:41Z,70,60,Neither likely nor unlikely
2021-08-20 11:51:40,Democrat,NA,NA,NA,NA,NA,Okay,71,66,79,NA,NA,NA,NA,NA,Extremely likely,good,Democrat,0,0,1,NA,Control,2021-08-20T11:51:40Z,71,66,NA
2021-08-20 11:41:41,Republican,NA,NA,NA,I understand. My candidate lost their primary.,NA,NA,38,83,45,Somewhat Satisfied,A great deal,Neither likely nor unlikely,NA,NA,NA,This study is good.,Republican,1,0,0,1,Loss,2021-08-20T11:41:41Z,83,38,Neither likely nor unlikely
2021-08-20 11:47:53,Democrat,NA,NA,NA,NA,NA,Okay,92,69,68,NA,NA,NA,NA,NA,Somewhat likely,Thanks for this survey,Democrat,0,0,1,NA,Control,2021-08-20T11:47:53Z,92,69,NA
2021-08-20 11:50:57,Republican,NA,NA,NA,NA,I understand. My candidate won their primary.,NA,91,80,72,Very Satisfied,A great deal,NA,Extremely likely,NA,NA,good,Republican,0,1,0,0,Win,2021-08-20T11:50:57Z,80,91,NA
2021-08-20 11:49:33,Democrat,NA,NA,NA,NA,NA,Okay,95,55,83,NA,NA,NA,NA,NA,Somewhat likely,none,Democrat,0,0,1,NA,Control,2021-08-20T11:49:33Z,95,55,NA
2021-08-20 11:47:13,Democrat,NA,I understand. My candidate lost their primary.,NA,NA,NA,NA,89,75,89,Somewhat Satisfied,A lot,NA,NA,Extremely likely,NA,Good,Democrat,1,0,0,1,Loss,2021-08-20T11:47:13Z,89,75,Extremely likely
2021-08-20 11:48:24,Democrat,NA,NA,NA,NA,NA,Okay,97,63,46,NA,NA,NA,NA,NA,Extremely likely,The survey was good,Democrat,0,0,1,NA,Control,2021-08-20T11:48:24Z,97,63,NA
2021-08-20 11:49:26,Democrat,NA,NA,I understand. My candidate won their primary.,NA,NA,NA,74,69,61,Very Satisfied,A lot,NA,NA,NA,Somewhat likely,Good Study,Democrat,0,1,0,0,Win,2021-08-20T11:49:26Z,74,69,Somewhat likely
2021-08-20 11:52:19,Republican,NA,NA,NA,NA,I understand. My candidate won their primary.,NA,74,94,68,Somewhat Satisfied,A lot,NA,Somewhat likely,NA,NA,no comments,Republican,0,1,0,0,Win,2021-08-20T11:52:19Z,94,74,NA
2021-08-20 11:42:54,Democrat,NA,NA,I understand. My candidate won their primary.,NA,NA,NA,88,27,78,Very Satisfied,A great deal,NA,NA,NA,Extremely likely,NA,Democrat,0,1,0,0,Win,2021-08-20T11:42:54Z,88,27,Extremely likely
2021-08-20 11:42:15,Democrat,NA,NA,I understand. My candidate won their primary.,NA,NA,NA,66,52,51,Somewhat Satisfied,A moderate amount,NA,NA,NA,Somewhat likely,None,Democrat,0,1,0,0,Win,2021-08-20T11:42:15Z,66,52,Somewhat likely
2021-08-20 11:44:30,Democrat,NA,I understand. My candidate lost their primary.,NA,NA,NA,NA,86,24,9,Somewhat Satisfied,A moderate amount,NA,NA,Somewhat unlikely,NA,good to work,Democrat,1,0,0,1,Loss,2021-08-20T11:44:30Z,86,24,Somewhat unlikely
2021-08-20 11:41:07,Democrat,NA,NA,I understand. My candidate won their primary.,NA,NA,NA,95,11,66,Very Satisfied,A great deal,NA,NA,NA,Extremely likely,NA,Democrat,0,1,0,0,Win,2021-08-20T11:41:07Z,95,11,Extremely likely
2021-08-20 11:41:41,Democrat,NA,NA,I understand. My candidate won their primary.,NA,NA,NA,94,27,62,Very Satisfied,A great deal,NA,NA,NA,Extremely likely,GOOD,Democrat,0,1,0,0,Win,2021-08-20T11:41:41Z,94,27,Extremely likely
2021-08-20 11:41:42,Republican,NA,NA,NA,NA,NA,Okay,74,85,58,NA,NA,NA,Extremely likely,NA,NA,I am happy to participate for this survey.,Republican,0,0,1,NA,Control,2021-08-20T11:41:42Z,85,74,NA
2021-08-20 11:52:40,Republican,NA,NA,NA,NA,NA,Okay,85,100,80,NA,NA,NA,Extremely likely,NA,NA,no comments,Republican,0,0,1,NA,Control,2021-08-20T11:52:40Z,100,85,NA
2021-08-20 11:49:10,Democrat,NA,I understand. My candidate lost their primary.,NA,NA,NA,NA,90,54,42,Very Satisfied,A great deal,NA,NA,Extremely likely,NA,NA,Democrat,1,0,0,1,Loss,2021-08-20T11:49:10Z,90,54,Extremely likely
2021-08-20 11:53:19,Democrat,NA,I understand. My candidate lost their primary.,NA,NA,NA,NA,72,87,81,Very Satisfied,A great deal,NA,NA,Extremely likely,NA,NA,Democrat,1,0,0,1,Loss,2021-08-20T11:53:19Z,72,87,Extremely likely
2021-08-20 11:53:06,Democrat,NA,NA,NA,NA,NA,Okay,94,75,70,NA,NA,NA,NA,NA,Extremely likely,good,Democrat,0,0,1,NA,Control,2021-08-20T11:53:06Z,94,75,NA
2021-08-20 11:52:38,Democrat,NA,I understand. My candidate lost their primary.,NA,NA,NA,NA,74,79,74,Very Satisfied,A great deal,NA,NA,Extremely likely,NA,good,Democrat,1,0,0,1,Loss,2021-08-20T11:52:38Z,74,79,Extremely likely
2021-08-20 11:52:17,Democrat,NA,NA,NA,NA,NA,Okay,63,1,39,NA,NA,NA,NA,NA,Extremely likely,NA,Democrat,0,0,1,NA,Control,2021-08-20T11:52:17Z,63,1,NA
2021-08-20 11:53:58,Democrat,NA,NA,I understand. My candidate won their primary.,NA,NA,NA,77,25,64,Somewhat Satisfied,A lot,NA,NA,NA,Somewhat likely,none,Democrat,0,1,0,0,Win,2021-08-20T11:53:58Z,77,25,Somewhat likely
2021-08-20 11:41:09,Democrat,NA,NA,I understand. My candidate won their primary.,NA,NA,NA,74,61,53,Neither Satisfied nor Dissatisfied,A lot,NA,NA,NA,Somewhat likely,good,Democrat,0,1,0,0,Win,2021-08-20T11:41:09Z,74,61,Somewhat likely
2021-08-20 11:54:24,Republican,NA,NA,NA,NA,NA,Okay,90,100,73,NA,NA,NA,Extremely likely,NA,NA,no comments,Republican,0,0,1,NA,Control,2021-08-20T11:54:24Z,100,90,NA
2021-08-20 11:54:49,Democrat,NA,I understand. My candidate lost their primary.,NA,NA,NA,NA,100,30,60,Very Satisfied,A great deal,NA,NA,Extremely likely,NA,NA,Democrat,1,0,0,1,Loss,2021-08-20T11:54:49Z,100,30,Extremely likely
2021-08-20 11:52:29,Democrat,NA,NA,NA,NA,NA,Okay,65,46,81,NA,NA,NA,NA,NA,Somewhat likely,IN THIS STUDY WAS GOOD,Democrat,0,0,1,NA,Control,2021-08-20T11:52:29Z,65,46,NA
2021-08-20 11:39:36,Republican,NA,NA,NA,NA,I understand. My candidate won their primary.,NA,20,40,80,Somewhat Satisfied,A little,NA,Extremely likely,NA,NA,NA,Republican,0,1,0,0,Win,2021-08-20T11:39:36Z,40,20,NA
2021-08-20 11:54:02,Republican,NA,NA,NA,I understand. My candidate lost their primary.,NA,NA,58,92,81,Somewhat Satisfied,A lot,Somewhat likely,NA,NA,NA,no comments,Republican,1,0,0,1,Loss,2021-08-20T11:54:02Z,92,58,Somewhat likely
2021-08-20 11:40:43,Democrat,NA,I understand. My candidate lost their primary.,NA,NA,NA,NA,100,11,11,Very Satisfied,A lot,NA,NA,Somewhat likely,NA,The survey was interesting. Thank you.,Democrat,1,0,0,1,Loss,2021-08-20T11:40:43Z,100,11,Somewhat likely
2021-08-20 11:44:25,Democrat,NA,I understand. My candidate lost their primary.,NA,NA,NA,NA,70,90,58,Very Satisfied,A lot,NA,NA,Neither likely nor unlikely,NA,Very nice,Democrat,1,0,0,1,Loss,2021-08-20T11:44:25Z,70,90,Neither likely nor unlikely
2021-08-20 11:40:22,Democrat,NA,NA,I understand. My candidate won their primary.,NA,NA,NA,65,87,84,Somewhat Satisfied,A lot,NA,NA,NA,Somewhat likely,NA,Democrat,0,1,0,0,Win,2021-08-20T11:40:22Z,65,87,Somewhat likely
2021-08-20 11:40:37,Democrat,NA,I understand. My candidate lost their primary.,NA,NA,NA,NA,89,67,37,Very Satisfied,A moderate amount,NA,NA,Somewhat likely,NA,NA,Democrat,1,0,0,1,Loss,2021-08-20T11:40:37Z,89,67,Somewhat likely
2021-08-20 11:44:03,Democrat,NA,I understand. My candidate lost their primary.,NA,NA,NA,NA,88,88,88,Somewhat Satisfied,A great deal,NA,NA,Extremely likely,NA,good,Democrat,1,0,0,1,Loss,2021-08-20T11:44:03Z,88,88,Extremely likely
2021-08-20 11:47:46,Republican,NA,NA,NA,NA,NA,Okay,85,90,80,NA,NA,NA,Somewhat likely,NA,NA,I Like this survey,Republican,0,0,1,NA,Control,2021-08-20T11:47:46Z,90,85,NA
2021-08-20 11:44:17,Democrat,NA,I understand. My candidate lost their primary.,NA,NA,NA,NA,15,68,66,Very Satisfied,A lot,NA,NA,Somewhat unlikely,NA,None,Democrat,1,0,0,1,Loss,2021-08-20T11:44:17Z,15,68,Somewhat unlikely
2021-08-20 11:42:05,Republican,NA,NA,NA,NA,I understand. My candidate won their primary.,NA,76,96,85,Very Satisfied,A lot,NA,Extremely likely,NA,NA,good,Republican,0,1,0,0,Win,2021-08-20T11:42:05Z,96,76,NA
2021-08-20 11:55:06,Democrat,NA,I understand. My candidate lost their primary.,NA,NA,NA,NA,90,67,65,Somewhat Satisfied,A lot,NA,NA,Somewhat likely,NA,NA,Democrat,1,0,0,1,Loss,2021-08-20T11:55:06Z,90,67,Somewhat likely
2021-08-20 11:55:01,Democrat,NA,I understand. My candidate lost their primary.,NA,NA,NA,NA,90,80,80,Somewhat Satisfied,A lot,NA,NA,Somewhat likely,NA,None.,Democrat,1,0,0,1,Loss,2021-08-20T11:55:01Z,90,80,Somewhat likely
2021-08-20 11:56:16,Republican,NA,NA,NA,NA,NA,Okay,54,56,58,NA,NA,NA,Extremely likely,NA,NA,NA,Republican,0,0,1,NA,Control,2021-08-20T11:56:16Z,56,54,NA
2021-08-20 11:55:45,Democrat,NA,NA,I understand. My candidate won their primary.,NA,NA,NA,81,64,94,Neither Satisfied nor Dissatisfied,A lot,NA,NA,NA,Somewhat likely,none,Democrat,0,1,0,0,Win,2021-08-20T11:55:45Z,81,64,Somewhat likely
2021-08-20 11:52:37,Democrat,NA,NA,I understand. My candidate won their primary.,NA,NA,NA,90,35,65,Very Satisfied,A lot,NA,NA,NA,Extremely likely,this survey was very interesting,Democrat,0,1,0,0,Win,2021-08-20T11:52:37Z,90,35,Extremely likely
2021-08-20 11:57:25,Something Else,Neither Republican or Democrat,NA,NA,NA,NA,NA,50,50,53,Neither Satisfied nor Dissatisfied,A moderate amount,NA,NA,NA,NA,NA,Independent,0,0,0,0,NA,2021-08-20T11:57:25Z,NA,NA,NA
2021-08-20 11:42:07,Democrat,NA,I understand. My candidate lost their primary.,NA,NA,NA,NA,62,89,80,Very Satisfied,A little,NA,NA,Somewhat likely,NA,The survey is very good,Democrat,1,0,0,1,Loss,2021-08-20T11:42:07Z,62,89,Somewhat likely
2021-08-20 11:50:32,Democrat,NA,I understand. My candidate lost their primary.,NA,NA,NA,NA,75,50,76,Very Satisfied,A great deal,NA,NA,Somewhat likely,NA,GOOD,Democrat,1,0,0,1,Loss,2021-08-20T11:50:32Z,75,50,Somewhat likely
2021-08-20 11:57:12,Republican,NA,NA,NA,I understand. My candidate lost their primary.,NA,NA,68,74,63,Very Satisfied,A great deal,Extremely likely,NA,NA,NA,very well,Republican,1,0,0,1,Loss,2021-08-20T11:57:12Z,74,68,Extremely likely
2021-08-20 11:57:26,Republican,NA,NA,NA,I understand. My candidate lost their primary.,NA,NA,60,70,60,Somewhat Satisfied,A little,Somewhat likely,NA,NA,NA,good,Republican,1,0,0,1,Loss,2021-08-20T11:57:26Z,70,60,Somewhat likely
2021-08-20 11:49:44,Democrat,NA,I understand. My candidate lost their primary.,NA,NA,NA,NA,68,75,70,Very Satisfied,A moderate amount,NA,NA,Extremely likely,NA,ITS GOOD,Democrat,1,0,0,1,Loss,2021-08-20T11:49:44Z,68,75,Extremely likely
2021-08-20 11:56:41,Democrat,NA,NA,NA,NA,NA,Okay,5,1,8,NA,NA,NA,NA,NA,Somewhat likely,N/A,Democrat,0,0,1,NA,Control,2021-08-20T11:56:41Z,5,1,NA
2021-08-20 11:55:28,Democrat,NA,NA,NA,NA,NA,Okay,70,76,68,NA,NA,NA,NA,NA,Somewhat likely,very well,Democrat,0,0,1,NA,Control,2021-08-20T11:55:28Z,70,76,NA
2021-08-20 11:56:12,Democrat,NA,I understand. My candidate lost their primary.,NA,NA,NA,NA,81,100,73,Somewhat Satisfied,A little,NA,NA,Extremely likely,NA,VERY GOOD,Democrat,1,0,0,1,Loss,2021-08-20T11:56:12Z,81,100,Extremely likely
2021-08-20 11:41:25,Democrat,NA,I understand. My candidate lost their primary.,NA,NA,NA,NA,79,51,59,Somewhat Satisfied,A lot,NA,NA,Somewhat likely,NA,nice study,Democrat,1,0,0,1,Loss,2021-08-20T11:41:25Z,79,51,Somewhat likely
2021-08-20 11:43:08,Democrat,NA,NA,I understand. My candidate won their primary.,NA,NA,NA,90,77,88,Somewhat Satisfied,A moderate amount,NA,NA,NA,Somewhat likely,no,Democrat,0,1,0,0,Win,2021-08-20T11:43:08Z,90,77,Somewhat likely
2021-08-20 11:58:50,Democrat,NA,NA,NA,NA,NA,Okay,84,55,91,NA,NA,NA,NA,NA,Somewhat likely,none,Democrat,0,0,1,NA,Control,2021-08-20T11:58:50Z,84,55,NA
2021-08-20 11:45:51,Republican,NA,NA,NA,NA,NA,Okay,77,42,69,NA,NA,NA,Somewhat likely,NA,NA,NA,Republican,0,0,1,NA,Control,2021-08-20T11:45:51Z,42,77,NA
2021-08-20 11:42:12,Republican,NA,NA,NA,NA,I understand. My candidate won their primary.,NA,97,92,84,Somewhat Satisfied,A lot,NA,Extremely likely,NA,NA,GOOD,Republican,0,1,0,0,Win,2021-08-20T11:42:12Z,92,97,NA
2021-08-20 11:58:53,Democrat,NA,NA,I understand. My candidate won their primary.,NA,NA,NA,98,23,17,Very Satisfied,A great deal,NA,NA,NA,Extremely likely,survey is excellent,Democrat,0,1,0,0,Win,2021-08-20T11:58:53Z,98,23,Extremely likely
2021-08-20 11:41:45,Democrat,NA,I understand. My candidate lost their primary.,NA,NA,NA,NA,96,90,81,Very Satisfied,A little,NA,NA,Extremely likely,NA,The survey is very good,Democrat,1,0,0,1,Loss,2021-08-20T11:41:45Z,96,90,Extremely likely
2021-08-20 11:41:59,Independent,Neither Republican or Democrat,NA,NA,NA,NA,NA,61,61,76,Somewhat Satisfied,A moderate amount,NA,NA,NA,NA,No candidate pages are shown.,Independent,0,0,0,0,NA,2021-08-20T11:41:59Z,NA,NA,NA
2021-08-20 11:58:43,Democrat,NA,I understand. My candidate lost their primary.,NA,NA,NA,NA,86,30,30,Somewhat Satisfied,A lot,NA,NA,Somewhat unlikely,NA,good,Democrat,1,0,0,1,Loss,2021-08-20T11:58:43Z,86,30,Somewhat unlikely
2021-08-20 11:59:58,Democrat,NA,I understand. My candidate lost their primary.,NA,NA,NA,NA,75,58,61,Very Satisfied,A lot,NA,NA,Somewhat likely,NA,NA,Democrat,1,0,0,1,Loss,2021-08-20T11:59:58Z,75,58,Somewhat likely
2021-08-20 12:00:24,Democrat,NA,I understand. My candidate lost their primary.,NA,NA,NA,NA,86,0,0,Very Dissatisfied,Not at all,NA,NA,Extremely likely,NA,NA,Democrat,1,0,0,1,Loss,2021-08-20T12:00:24Z,86,0,Extremely likely
2021-08-20 11:57:54,Democrat,NA,NA,NA,NA,NA,Okay,85,70,76,NA,NA,NA,NA,NA,Extremely likely,political issues,Democrat,0,0,1,NA,Control,2021-08-20T11:57:54Z,85,70,NA
2021-08-20 11:57:48,Democrat,NA,NA,NA,NA,NA,Okay,83,58,93,NA,NA,NA,NA,NA,Somewhat likely,none,Democrat,0,0,1,NA,Control,2021-08-20T11:57:48Z,83,58,NA
2021-08-20 12:00:20,Democrat,NA,NA,I understand. My candidate won their primary.,NA,NA,NA,76,97,85,Very Satisfied,A great deal,NA,NA,NA,Extremely likely,no comments,Democrat,0,1,0,0,Win,2021-08-20T12:00:20Z,76,97,Extremely likely
2021-08-20 12:01:25,Democrat,NA,I understand. My candidate lost their primary.,NA,NA,NA,NA,69,0,33,Very Dissatisfied,A little,NA,NA,Neither likely nor unlikely,NA,NA,Democrat,1,0,0,1,Loss,2021-08-20T12:01:25Z,69,0,Neither likely nor unlikely
2021-08-20 11:48:03,Democrat,NA,I understand. My candidate lost their primary.,NA,NA,NA,NA,92,32,53,Very Satisfied,A lot,NA,NA,Somewhat likely,NA,It was a good survey,Democrat,1,0,0,1,Loss,2021-08-20T11:48:03Z,92,32,Somewhat likely
2021-08-20 12:02:19,Republican,NA,NA,NA,I understand. My candidate lost their primary.,NA,NA,84,94,87,Very Satisfied,A great deal,Extremely likely,NA,NA,NA,The survey is very interesting,Republican,1,0,0,1,Loss,2021-08-20T12:02:19Z,94,84,Extremely likely
2021-08-20 11:48:07,Democrat,NA,I understand. My candidate lost their primary.,NA,NA,NA,NA,84,32,61,Somewhat Satisfied,A moderate amount,NA,NA,Somewhat likely,NA,It was a good survey,Democrat,1,0,0,1,Loss,2021-08-20T11:48:07Z,84,32,Somewhat likely
2021-08-20 12:03:04,Republican,NA,NA,NA,I understand. My candidate lost their primary.,NA,NA,60,70,60,Somewhat Satisfied,A little,Somewhat likely,NA,NA,NA,good,Republican,1,0,0,1,Loss,2021-08-20T12:03:04Z,70,60,Somewhat likely
2021-08-20 11:48:45,Democrat,NA,I understand. My candidate lost their primary.,NA,NA,NA,NA,69,80,81,Very Satisfied,A lot,NA,NA,Somewhat likely,NA,NA,Democrat,1,0,0,1,Loss,2021-08-20T11:48:45Z,69,80,Somewhat likely
2021-08-20 12:03:53,Republican,NA,NA,NA,NA,NA,Okay,61,63,68,NA,NA,NA,Extremely likely,NA,NA,GOOD,Republican,0,0,1,NA,Control,2021-08-20T12:03:53Z,63,61,NA
2021-08-20 12:04:06,Independent,Neither Republican or Democrat,NA,NA,NA,NA,NA,51,49,80,Somewhat Satisfied,A moderate amount,NA,NA,NA,NA,NA,Independent,0,0,0,0,NA,2021-08-20T12:04:06Z,NA,NA,NA
2021-08-20 11:50:13,Democrat,NA,NA,I understand. My candidate won their primary.,NA,NA,NA,86,60,58,Very Satisfied,A great deal,NA,NA,NA,Extremely likely,NA,Democrat,0,1,0,0,Win,2021-08-20T11:50:13Z,86,60,Extremely likely
2021-08-20 12:03:39,Democrat,NA,NA,I understand. My candidate won their primary.,NA,NA,NA,100,54,59,Very Satisfied,A great deal,NA,NA,NA,Extremely likely,excellent syrvey,Democrat,0,1,0,0,Win,2021-08-20T12:03:39Z,100,54,Extremely likely
2021-08-20 11:43:41,Democrat,NA,I understand. My candidate lost their primary.,NA,NA,NA,NA,69,35,44,Somewhat Satisfied,A moderate amount,NA,NA,Neither likely nor unlikely,NA,None,Democrat,1,0,0,1,Loss,2021-08-20T11:43:41Z,69,35,Neither likely nor unlikely
2021-08-20 11:59:27,Something Else,Republican,NA,NA,I understand. My candidate lost their primary.,NA,NA,60,70,63,Somewhat Dissatisfied,A little,Somewhat likely,NA,NA,NA,GOOD,Republican,1,0,0,1,Loss,2021-08-20T11:59:27Z,70,60,Somewhat likely
2021-08-20 12:01:47,Democrat,NA,NA,I understand. My candidate won their primary.,NA,NA,NA,91,66,51,Somewhat Satisfied,A lot,NA,NA,NA,Extremely likely,NA,Democrat,0,1,0,0,Win,2021-08-20T12:01:47Z,91,66,Extremely likely
2021-08-20 11:56:54,Democrat,NA,NA,NA,NA,NA,Okay,93,15,8,NA,NA,NA,NA,NA,Neither likely nor unlikely,None,Democrat,0,0,1,NA,Control,2021-08-20T11:56:54Z,93,15,NA
2021-08-20 12:05:36,Democrat,NA,I understand. My candidate lost their primary.,NA,NA,NA,NA,100,58,62,Very Satisfied,A great deal,NA,NA,Extremely likely,NA,nice survey,Democrat,1,0,0,1,Loss,2021-08-20T12:05:36Z,100,58,Extremely likely
2021-08-20 12:06:08,Republican,NA,NA,NA,NA,NA,Okay,52,53,52,NA,NA,NA,Extremely likely,NA,NA,good,Republican,0,0,1,NA,Control,2021-08-20T12:06:08Z,53,52,NA
2021-08-20 12:05:51,Democrat,NA,NA,NA,NA,NA,Okay,91,20,59,NA,NA,NA,NA,NA,Neither likely nor unlikely,NA,Democrat,0,0,1,NA,Control,2021-08-20T12:05:51Z,91,20,NA
2021-08-20 12:04:18,Republican,NA,NA,NA,I understand. My candidate lost their primary.,NA,NA,62,85,82,Somewhat Satisfied,A great deal,Extremely likely,NA,NA,NA,good,Republican,1,0,0,1,Loss,2021-08-20T12:04:18Z,85,62,Extremely likely
2021-08-20 11:55:48,Democrat,NA,NA,I understand. My candidate won their primary.,NA,NA,NA,100,68,100,Very Satisfied,A great deal,NA,NA,NA,Extremely likely,It was really interesting and excellent for this survey.,Democrat,0,1,0,0,Win,2021-08-20T11:55:48Z,100,68,Extremely likely
2021-08-20 11:48:27,Republican,NA,NA,NA,NA,I understand. My candidate won their primary.,NA,71,90,73,Very Satisfied,A great deal,NA,Extremely likely,NA,NA,good,Republican,0,1,0,0,Win,2021-08-20T11:48:27Z,90,71,NA
2021-08-20 12:06:11,Democrat,NA,NA,NA,NA,NA,Okay,84,62,74,NA,NA,NA,NA,NA,Somewhat likely,like very much,Democrat,0,0,1,NA,Control,2021-08-20T12:06:11Z,84,62,NA
2021-08-20 12:07:26,Republican,NA,NA,NA,I understand. My candidate lost their primary.,NA,NA,70,70,60,Somewhat Satisfied,A little,Extremely likely,NA,NA,NA,GOOD,Republican,1,0,0,1,Loss,2021-08-20T12:07:26Z,70,70,Extremely likely
2021-08-20 12:06:51,Democrat,NA,NA,I understand. My candidate won their primary.,NA,NA,NA,66,92,75,Somewhat Satisfied,A lot,NA,NA,NA,Somewhat likely,Good study,Democrat,0,1,0,0,Win,2021-08-20T12:06:51Z,66,92,Somewhat likely
2021-08-20 12:07:34,Democrat,NA,NA,I understand. My candidate won their primary.,NA,NA,NA,68,94,80,Very Satisfied,A great deal,NA,NA,NA,Extremely likely,no comments,Democrat,0,1,0,0,Win,2021-08-20T12:07:34Z,68,94,Extremely likely
2021-08-20 12:05:53,Democrat,NA,I understand. My candidate lost their primary.,NA,NA,NA,NA,96,51,51,Very Satisfied,A lot,NA,NA,Extremely likely,NA,NA,Democrat,1,0,0,1,Loss,2021-08-20T12:05:53Z,96,51,Extremely likely
2021-08-20 12:07:19,Democrat,NA,NA,NA,NA,NA,Okay,90,7,18,NA,NA,NA,NA,NA,Neither likely nor unlikely,None,Democrat,0,0,1,NA,Control,2021-08-20T12:07:19Z,90,7,NA
2021-08-20 12:12:00,Independent,Neither Republican or Democrat,NA,NA,NA,NA,NA,28,14,82,Somewhat Satisfied,A little,NA,NA,NA,NA,TEST,Independent,0,0,0,0,NA,2021-08-20T12:12:00Z,NA,NA,NA
2021-08-20 12:12:16,Democrat,NA,NA,NA,NA,NA,Okay,76,89,64,NA,NA,NA,NA,NA,Somewhat likely,good,Democrat,0,0,1,NA,Control,2021-08-20T12:12:16Z,76,89,NA
2021-08-20 12:12:24,Democrat,NA,NA,NA,NA,NA,Okay,91,57,76,NA,NA,NA,NA,NA,Somewhat likely,nice,Democrat,0,0,1,NA,Control,2021-08-20T12:12:24Z,91,57,NA
2021-08-20 11:39:49,Democrat,NA,NA,I understand. My candidate won their primary.,NA,NA,NA,91,94,58,Somewhat Satisfied,A lot,NA,NA,NA,Neither likely nor unlikely,The survey is good study.,Democrat,0,1,0,0,Win,2021-08-20T11:39:49Z,91,94,Neither likely nor unlikely
2021-08-20 12:12:23,Democrat,NA,I understand. My candidate lost their primary.,NA,NA,NA,NA,83,56,66,Somewhat Dissatisfied,A moderate amount,NA,NA,Somewhat unlikely,NA,NA,Democrat,1,0,0,1,Loss,2021-08-20T12:12:23Z,83,56,Somewhat unlikely
2021-08-20 11:44:56,Democrat,NA,NA,NA,NA,NA,Okay,83,32,32,NA,NA,NA,NA,NA,Somewhat likely,None,Democrat,0,0,1,NA,Control,2021-08-20T11:44:56Z,83,32,NA
2021-08-20 12:13:57,Republican,NA,NA,NA,NA,NA,Okay,58,44,65,NA,NA,NA,Somewhat likely,NA,NA,NA,Republican,0,0,1,NA,Control,2021-08-20T12:13:57Z,44,58,NA
2021-08-20 12:13:21,Independent,Republican,NA,NA,NA,I understand. My candidate won their primary.,NA,33,95,73,Very Satisfied,A lot,NA,Extremely likely,NA,NA,very interesting study,Republican,0,1,0,0,Win,2021-08-20T12:13:21Z,95,33,NA
2021-08-20 12:13:34,Independent,Republican,NA,NA,I understand. My candidate lost their primary.,NA,NA,0,33,90,Very Dissatisfied,Not at all,Somewhat likely,NA,NA,NA,NA,Republican,1,0,0,1,Loss,2021-08-20T12:13:34Z,33,0,Somewhat likely
2021-08-20 12:13:53,Democrat,NA,NA,NA,NA,NA,Okay,69,43,59,NA,NA,NA,NA,NA,Somewhat likely,IN THIS STUDY WAS GOOD,Democrat,0,0,1,NA,Control,2021-08-20T12:13:53Z,69,43,NA
2021-08-20 12:14:24,Independent,Democratic,NA,NA,NA,NA,Okay,92,62,56,NA,NA,NA,NA,NA,Somewhat likely,good,Democrat,0,0,1,NA,Control,2021-08-20T12:14:24Z,92,62,NA
2021-08-20 12:16:00,Democrat,NA,NA,I understand. My candidate won their primary.,NA,NA,NA,76,38,68,Very Satisfied,A great deal,NA,NA,NA,Extremely likely,Great,Democrat,0,1,0,0,Win,2021-08-20T12:16:00Z,76,38,Extremely likely
2021-08-20 12:10:24,Democrat,NA,NA,NA,NA,NA,Okay,100,3,22,NA,NA,NA,NA,NA,Extremely likely,good,Democrat,0,0,1,NA,Control,2021-08-20T12:10:24Z,100,3,NA
2021-08-20 12:13:32,Democrat,NA,I understand. My candidate lost their primary.,NA,NA,NA,NA,75,26,83,Somewhat Satisfied,A moderate amount,NA,NA,Somewhat unlikely,NA,TEST,Democrat,1,0,0,1,Loss,2021-08-20T12:13:32Z,75,26,Somewhat unlikely
2021-08-20 12:04:44,Democrat,NA,NA,NA,NA,NA,Okay,68,52,54,NA,NA,NA,NA,NA,Somewhat likely,Such a good survey.,Democrat,0,0,1,NA,Control,2021-08-20T12:04:44Z,68,52,NA
2021-08-20 11:40:58,Democrat,NA,I understand. My candidate lost their primary.,NA,NA,NA,NA,80,30,30,Somewhat Satisfied,A lot,NA,NA,Somewhat likely,NA,None,Democrat,1,0,0,1,Loss,2021-08-20T11:40:58Z,80,30,Somewhat likely
2021-08-20 11:48:15,Democrat,NA,NA,NA,NA,NA,Okay,78,76,75,NA,NA,NA,NA,NA,Extremely likely,NA,Democrat,0,0,1,NA,Control,2021-08-20T11:48:15Z,78,76,NA
2021-08-20 12:18:50,Democrat,NA,NA,NA,NA,NA,Okay,82,75,93,NA,NA,NA,NA,NA,Neither likely nor unlikely,NA,Democrat,0,0,1,NA,Control,2021-08-20T12:18:50Z,82,75,NA
2021-08-20 12:15:30,Republican,NA,NA,NA,NA,I understand. My candidate won their primary.,NA,14,94,36,Neither Satisfied nor Dissatisfied,A lot,NA,Somewhat likely,NA,NA,It was nice survey.,Republican,0,1,0,0,Win,2021-08-20T12:15:30Z,94,14,NA
2021-08-20 11:51:49,Democrat,NA,I understand. My candidate lost their primary.,NA,NA,NA,NA,95,1,5,Very Satisfied,A great deal,NA,NA,Somewhat likely,NA,I went through the study on few of my political knowledge. It is kind of nice experience.,Democrat,1,0,0,1,Loss,2021-08-20T11:51:49Z,95,1,Somewhat likely
2021-08-20 12:13:49,Republican,NA,NA,NA,NA,NA,Okay,73,100,81,NA,NA,NA,Somewhat likely,NA,NA,Nice task.,Republican,0,0,1,NA,Control,2021-08-20T12:13:49Z,100,73,NA
2021-08-20 12:19:21,Democrat,NA,NA,NA,NA,NA,Okay,100,0,79,NA,NA,NA,NA,NA,Somewhat likely,NA,Democrat,0,0,1,NA,Control,2021-08-20T12:19:21Z,100,0,NA
2021-08-20 11:40:35,Democrat,NA,NA,NA,NA,NA,Okay,100,17,9,NA,NA,NA,NA,NA,Extremely likely,N/A,Democrat,0,0,1,NA,Control,2021-08-20T11:40:35Z,100,17,NA
2021-08-20 11:56:05,Democrat,NA,NA,I understand. My candidate won their primary.,NA,NA,NA,81,71,91,Somewhat Satisfied,A moderate amount,NA,NA,NA,Somewhat likely,IN THIS WAS GOOD,Democrat,0,1,0,0,Win,2021-08-20T11:56:05Z,81,71,Somewhat likely
2021-08-20 12:21:38,Democrat,NA,I understand. My candidate lost their primary.,NA,NA,NA,NA,75,11,0,Somewhat Satisfied,A moderate amount,NA,NA,Somewhat likely,NA,NA,Democrat,1,0,0,1,Loss,2021-08-20T12:21:38Z,75,11,Somewhat likely
2021-08-20 11:54:43,Democrat,NA,NA,I understand. My candidate won their primary.,NA,NA,NA,82,71,73,Very Satisfied,A great deal,NA,NA,NA,Somewhat likely,good,Democrat,0,1,0,0,Win,2021-08-20T11:54:43Z,82,71,Somewhat likely
2021-08-20 12:06:26,Democrat,NA,NA,I understand. My candidate won their primary.,NA,NA,NA,66,83,91,Somewhat Satisfied,A great deal,NA,NA,NA,Somewhat likely,Good Study,Democrat,0,1,0,0,Win,2021-08-20T12:06:26Z,66,83,Somewhat likely
2021-08-20 11:57:08,Democrat,NA,I understand. My candidate lost their primary.,NA,NA,NA,NA,77,68,89,Very Satisfied,A moderate amount,NA,NA,Extremely likely,NA,In this study for good,Democrat,1,0,0,1,Loss,2021-08-20T11:57:08Z,77,68,Extremely likely
2021-08-20 12:23:52,Democrat,NA,I understand. My candidate lost their primary.,NA,NA,NA,NA,63,35,63,Somewhat Satisfied,A lot,NA,NA,Neither likely nor unlikely,NA,NA,Democrat,1,0,0,1,Loss,2021-08-20T12:23:52Z,63,35,Neither likely nor unlikely
2021-08-20 11:40:39,Republican,NA,NA,NA,NA,NA,Okay,77,57,79,NA,NA,NA,Extremely likely,NA,NA,very interesting study,Republican,0,0,1,NA,Control,2021-08-20T11:40:39Z,57,77,NA
2021-08-20 12:26:33,Democrat,NA,NA,I understand. My candidate won their primary.,NA,NA,NA,65,92,74,Somewhat Satisfied,A moderate amount,NA,NA,NA,Somewhat likely,good,Democrat,0,1,0,0,Win,2021-08-20T12:26:33Z,65,92,Somewhat likely
2021-08-20 12:19:06,Democrat,NA,NA,NA,NA,NA,Okay,65,72,64,NA,NA,NA,NA,NA,Extremely likely,THIS SURVEY IS VERY NICE.,Democrat,0,0,1,NA,Control,2021-08-20T12:19:06Z,65,72,NA
2021-08-20 12:27:09,Republican,NA,NA,NA,NA,I understand. My candidate won their primary.,NA,82,86,78,Very Satisfied,A lot,NA,Extremely likely,NA,NA,ITS GOOD,Republican,0,1,0,0,Win,2021-08-20T12:27:09Z,86,82,NA
2021-08-20 11:58:37,Democrat,NA,NA,NA,NA,NA,Okay,79,71,90,NA,NA,NA,NA,NA,Somewhat likely,in this study was good,Democrat,0,0,1,NA,Control,2021-08-20T11:58:37Z,79,71,NA
2021-08-20 12:27:54,Democrat,NA,NA,I understand. My candidate won their primary.,NA,NA,NA,62,76,58,Somewhat Satisfied,A moderate amount,NA,NA,NA,Somewhat likely,NICE,Democrat,0,1,0,0,Win,2021-08-20T12:27:54Z,62,76,Somewhat likely
2021-08-20 12:27:03,Republican,NA,NA,NA,NA,NA,Okay,58,75,57,NA,NA,NA,Neither likely nor unlikely,NA,NA,No,Republican,0,0,1,NA,Control,2021-08-20T12:27:03Z,75,58,NA
2021-08-20 12:19:48,Independent,Democratic,NA,NA,NA,NA,Okay,87,83,92,NA,NA,NA,NA,NA,Extremely likely,ITS GOOD,Democrat,0,0,1,NA,Control,2021-08-20T12:19:48Z,87,83,NA
2021-08-20 12:28:03,Democrat,NA,I understand. My candidate lost their primary.,NA,NA,NA,NA,82,100,82,Somewhat Dissatisfied,A moderate amount,NA,NA,Neither likely nor unlikely,NA,NA,Democrat,1,0,0,1,Loss,2021-08-20T12:28:03Z,82,100,Neither likely nor unlikely
2021-08-20 11:59:15,Democrat,NA,I understand. My candidate lost their primary.,NA,NA,NA,NA,83,63,100,Neither Satisfied nor Dissatisfied,A great deal,NA,NA,Somewhat likely,NA,in this was good,Democrat,1,0,0,1,Loss,2021-08-20T11:59:15Z,83,63,Somewhat likely
2021-08-20 12:30:56,Independent,Republican,NA,NA,NA,I understand. My candidate won their primary.,NA,61,95,83,Somewhat Satisfied,A lot,NA,Somewhat likely,NA,NA,no comments,Republican,0,1,0,0,Win,2021-08-20T12:30:56Z,95,61,NA
2021-08-20 12:12:59,Democrat,NA,I understand. My candidate lost their primary.,NA,NA,NA,NA,100,51,51,Very Satisfied,A lot,NA,NA,Extremely likely,NA,NA,Democrat,1,0,0,1,Loss,2021-08-20T12:12:59Z,100,51,Extremely likely
2021-08-20 12:32:53,Democrat,NA,I understand. My candidate lost their primary.,NA,NA,NA,NA,83,41,32,Very Satisfied,A great deal,NA,NA,Somewhat likely,NA,nice survey,Democrat,1,0,0,1,Loss,2021-08-20T12:32:53Z,83,41,Somewhat likely
2021-08-20 12:19:41,Democrat,NA,NA,I understand. My candidate won their primary.,NA,NA,NA,84,51,41,Somewhat Satisfied,A moderate amount,NA,NA,NA,Somewhat likely,Such a good survey.,Democrat,0,1,0,0,Win,2021-08-20T12:19:41Z,84,51,Somewhat likely
2021-08-20 12:22:58,Republican,NA,NA,NA,NA,I understand. My candidate won their primary.,NA,36,76,46,Somewhat Satisfied,A lot,NA,Somewhat likely,NA,NA,It was a good survey,Republican,0,1,0,0,Win,2021-08-20T12:22:58Z,76,36,NA
2021-08-20 12:22:29,Democrat,NA,NA,NA,NA,NA,Okay,100,40,55,NA,NA,NA,NA,NA,Extremely likely,It was a good survey,Democrat,0,0,1,NA,Control,2021-08-20T12:22:29Z,100,40,NA
2021-08-20 12:32:02,Democrat,NA,NA,I understand. My candidate won their primary.,NA,NA,NA,67,34,22,Somewhat Satisfied,A lot,NA,NA,NA,Somewhat likely,NA,Democrat,0,1,0,0,Win,2021-08-20T12:32:02Z,67,34,Somewhat likely
2021-08-20 12:34:47,Democrat,NA,NA,I understand. My candidate won their primary.,NA,NA,NA,68,36,66,Somewhat Satisfied,A lot,NA,NA,NA,Somewhat likely,nice,Democrat,0,1,0,0,Win,2021-08-20T12:34:47Z,68,36,Somewhat likely
2021-08-20 12:34:19,Democrat,NA,I understand. My candidate lost their primary.,NA,NA,NA,NA,75,86,100,Somewhat Satisfied,A great deal,NA,NA,Somewhat likely,NA,Good study,Democrat,1,0,0,1,Loss,2021-08-20T12:34:19Z,75,86,Somewhat likely
2021-08-20 12:35:03,Independent,Democratic,NA,I understand. My candidate won their primary.,NA,NA,NA,80,71,85,Very Satisfied,A lot,NA,NA,NA,Extremely likely,ist good,Democrat,0,1,0,0,Win,2021-08-20T12:35:03Z,80,71,Extremely likely
2021-08-20 12:34:52,Democrat,NA,I understand. My candidate lost their primary.,NA,NA,NA,NA,76,59,52,Neither Satisfied nor Dissatisfied,A lot,NA,NA,Neither likely nor unlikely,NA,OK,Democrat,1,0,0,1,Loss,2021-08-20T12:34:52Z,76,59,Neither likely nor unlikely
2021-08-20 12:22:55,Republican,NA,NA,NA,NA,NA,Okay,12,97,44,NA,NA,NA,Somewhat likely,NA,NA,It was a good survey,Republican,0,0,1,NA,Control,2021-08-20T12:22:55Z,97,12,NA
2021-08-20 12:34:49,Democrat,NA,I understand. My candidate lost their primary.,NA,NA,NA,NA,83,75,62,Somewhat Satisfied,A great deal,NA,NA,Extremely likely,NA,NA,Democrat,1,0,0,1,Loss,2021-08-20T12:34:49Z,83,75,Extremely likely
2021-08-20 12:35:21,Democrat,NA,NA,I understand. My candidate won their primary.,NA,NA,NA,85,47,24,Very Satisfied,A lot,NA,NA,NA,Somewhat likely,nice survey,Democrat,0,1,0,0,Win,2021-08-20T12:35:21Z,85,47,Somewhat likely
2021-08-20 12:34:39,Democrat,NA,NA,I understand. My candidate won their primary.,NA,NA,NA,82,54,63,Somewhat Satisfied,A great deal,NA,NA,NA,Somewhat likely,NA,Democrat,0,1,0,0,Win,2021-08-20T12:34:39Z,82,54,Somewhat likely
2021-08-20 12:28:26,Independent,Democratic,NA,I understand. My candidate won their primary.,NA,NA,NA,66,61,82,Somewhat Satisfied,A lot,NA,NA,NA,Somewhat likely,NOTHING IS UPTO THIS EXTENT THE POSTIONS AND BACKGROUNDS AND FOR ACTUAL POSTIONS,Democrat,0,1,0,0,Win,2021-08-20T12:28:26Z,66,61,Somewhat likely
2021-08-20 12:39:26,Democrat,NA,NA,NA,NA,NA,Okay,93,20,65,NA,NA,NA,NA,NA,Somewhat likely,na,Democrat,0,0,1,NA,Control,2021-08-20T12:39:26Z,93,20,NA
2021-08-20 11:40:08,Republican,NA,NA,NA,NA,NA,Okay,74,74,80,NA,NA,NA,Somewhat likely,NA,NA,Good Survey,Republican,0,0,1,NA,Control,2021-08-20T11:40:08Z,74,74,NA
2021-08-20 12:40:48,Democrat,NA,NA,NA,NA,NA,Okay,95,0,70,NA,NA,NA,NA,NA,Extremely likely,NA,Democrat,0,0,1,NA,Control,2021-08-20T12:40:48Z,95,0,NA
2021-08-20 12:40:54,Democrat,NA,I understand. My candidate lost their primary.,NA,NA,NA,NA,95,73,81,Somewhat Satisfied,A great deal,NA,NA,Extremely likely,NA,NA,Democrat,1,0,0,1,Loss,2021-08-20T12:40:54Z,95,73,Extremely likely
2021-08-20 12:40:50,Democrat,NA,NA,NA,NA,NA,Okay,85,9,30,NA,NA,NA,NA,NA,Extremely likely,"None, thanks!",Democrat,0,0,1,NA,Control,2021-08-20T12:40:50Z,85,9,NA
2021-08-20 12:37:39,Democrat,NA,NA,NA,NA,NA,Okay,100,10,0,NA,NA,NA,NA,NA,Extremely likely,No comments,Democrat,0,0,1,NA,Control,2021-08-20T12:37:39Z,100,10,NA
2021-08-20 12:45:24,Democrat,NA,I understand. My candidate lost their primary.,NA,NA,NA,NA,71,53,52,Neither Satisfied nor Dissatisfied,A lot,NA,NA,Somewhat unlikely,NA,NA,Democrat,1,0,0,1,Loss,2021-08-20T12:45:24Z,71,53,Somewhat unlikely
2021-08-20 12:19:17,Democrat,NA,NA,I understand. My candidate won their primary.,NA,NA,NA,85,59,43,Very Satisfied,A lot,NA,NA,NA,Extremely likely,This survey is interesting,Democrat,0,1,0,0,Win,2021-08-20T12:19:17Z,85,59,Extremely likely
2021-08-20 12:43:09,Democrat,NA,NA,NA,NA,NA,Okay,87,54,71,NA,NA,NA,NA,NA,Somewhat likely,The survey is very nice .,Democrat,0,0,1,NA,Control,2021-08-20T12:43:09Z,87,54,NA
2021-08-20 12:45:45,Democrat,NA,NA,I understand. My candidate won their primary.,NA,NA,NA,78,90,64,Somewhat Satisfied,A great deal,NA,NA,NA,Somewhat likely,NA,Democrat,0,1,0,0,Win,2021-08-20T12:45:45Z,78,90,Somewhat likely
2021-08-20 12:46:51,Democrat,NA,NA,I understand. My candidate won their primary.,NA,NA,NA,100,5,51,Very Satisfied,A great deal,NA,NA,NA,Extremely likely,None,Democrat,0,1,0,0,Win,2021-08-20T12:46:51Z,100,5,Extremely likely
2021-08-20 12:48:16,Independent,Republican,NA,NA,I understand. My candidate lost their primary.,NA,NA,80,90,80,Somewhat Satisfied,A little,Somewhat likely,NA,NA,NA,Good Study,Republican,1,0,0,1,Loss,2021-08-20T12:48:16Z,90,80,Somewhat likely
2021-08-20 12:47:46,Democrat,NA,NA,NA,NA,NA,Okay,100,63,79,NA,NA,NA,NA,NA,Extremely likely,NA,Democrat,0,0,1,NA,Control,2021-08-20T12:47:46Z,100,63,NA
2021-08-20 12:48:40,Democrat,NA,NA,I understand. My candidate won their primary.,NA,NA,NA,85,60,39,Somewhat Satisfied,A lot,NA,NA,NA,Extremely likely,None,Democrat,0,1,0,0,Win,2021-08-20T12:48:40Z,85,60,Extremely likely
2021-08-20 12:51:52,Something Else,Neither Republican or Democrat,NA,NA,NA,NA,NA,50,50,50,Somewhat Dissatisfied,A little,NA,NA,NA,NA,NA,Independent,0,0,0,0,NA,2021-08-20T12:51:52Z,NA,NA,NA
2021-08-20 12:50:45,Democrat,NA,I understand. My candidate lost their primary.,NA,NA,NA,NA,75,47,46,Somewhat Satisfied,A lot,NA,NA,Somewhat likely,NA,NA,Democrat,1,0,0,1,Loss,2021-08-20T12:50:45Z,75,47,Somewhat likely
2021-08-20 12:53:01,Democrat,NA,NA,I understand. My candidate won their primary.,NA,NA,NA,69,42,49,Somewhat Satisfied,A lot,NA,NA,NA,Somewhat likely,NA,Democrat,0,1,0,0,Win,2021-08-20T12:53:01Z,69,42,Somewhat likely
2021-08-20 12:52:20,Democrat,NA,NA,NA,NA,NA,Okay,76,62,38,NA,NA,NA,NA,NA,Extremely likely,None,Democrat,0,0,1,NA,Control,2021-08-20T12:52:20Z,76,62,NA
2021-08-20 12:50:44,Republican,NA,NA,NA,NA,NA,Okay,72,82,65,NA,NA,NA,Extremely likely,NA,NA,very nice,Republican,0,0,1,NA,Control,2021-08-20T12:50:44Z,82,72,NA
2021-08-20 12:46:25,Democrat,NA,NA,NA,NA,NA,Okay,91,6,24,NA,NA,NA,NA,NA,Extremely likely,None,Democrat,0,0,1,NA,Control,2021-08-20T12:46:25Z,91,6,NA
2021-08-20 11:44:49,Independent,Democratic,I understand. My candidate lost their primary.,NA,NA,NA,NA,7,2,10,Very Dissatisfied,Not at all,NA,NA,Neither likely nor unlikely,NA,NA,Democrat,1,0,0,1,Loss,2021-08-20T11:44:49Z,7,2,Neither likely nor unlikely
2021-08-20 12:58:02,Democrat,NA,I understand. My candidate lost their primary.,NA,NA,NA,NA,73,40,56,Neither Satisfied nor Dissatisfied,A moderate amount,NA,NA,Somewhat unlikely,NA,n/a,Democrat,1,0,0,1,Loss,2021-08-20T12:58:02Z,73,40,Somewhat unlikely
2021-08-20 12:33:43,Democrat,NA,I understand. My candidate lost their primary.,NA,NA,NA,NA,100,0,70,Somewhat Satisfied,A great deal,NA,NA,Extremely likely,NA,good,Democrat,1,0,0,1,Loss,2021-08-20T12:33:43Z,100,0,Extremely likely
2021-08-20 13:02:27,Republican,NA,NA,NA,NA,I understand. My candidate won their primary.,NA,62,76,67,Very Satisfied,A great deal,NA,Extremely likely,NA,NA,well,Republican,0,1,0,0,Win,2021-08-20T13:02:27Z,76,62,NA
2021-08-20 12:56:35,Democrat,NA,NA,I understand. My candidate won their primary.,NA,NA,NA,75,86,76,Very Satisfied,A lot,NA,NA,NA,Extremely likely,GOOD,Democrat,0,1,0,0,Win,2021-08-20T12:56:35Z,75,86,Extremely likely
2021-08-20 11:53:19,Democrat,NA,NA,I understand. My candidate won their primary.,NA,NA,NA,86,94,83,Somewhat Satisfied,A lot,NA,NA,NA,Somewhat likely,GOOD LEADER,Democrat,0,1,0,0,Win,2021-08-20T11:53:19Z,86,94,Somewhat likely
2021-08-20 13:07:21,Republican,NA,NA,NA,I understand. My candidate lost their primary.,NA,NA,80,74,87,Somewhat Satisfied,A lot,Somewhat likely,NA,NA,NA,Good Study,Republican,1,0,0,1,Loss,2021-08-20T13:07:21Z,74,80,Somewhat likely
2021-08-20 13:08:27,Democrat,NA,NA,NA,NA,NA,Okay,78,19,18,NA,NA,NA,NA,NA,Neither likely nor unlikely,good,Democrat,0,0,1,NA,Control,2021-08-20T13:08:27Z,78,19,NA
2021-08-20 13:11:41,Independent,Democratic,NA,NA,NA,NA,Okay,60,45,75,NA,NA,NA,NA,NA,Somewhat likely,NA,Democrat,0,0,1,NA,Control,2021-08-20T13:11:41Z,60,45,NA
2021-08-20 13:07:32,Democrat,NA,NA,I understand. My candidate won their primary.,NA,NA,NA,81,0,0,Very Satisfied,A great deal,NA,NA,NA,Extremely likely,GOOD,Democrat,0,1,0,0,Win,2021-08-20T13:07:32Z,81,0,Extremely likely
2021-08-20 13:15:43,Democrat,NA,NA,NA,NA,NA,Okay,95,23,40,NA,NA,NA,NA,NA,Somewhat likely,na,Democrat,0,0,1,NA,Control,2021-08-20T13:15:43Z,95,23,NA
2021-08-20 13:18:24,Democrat,NA,NA,I understand. My candidate won their primary.,NA,NA,NA,87,0,37,Very Satisfied,A moderate amount,NA,NA,NA,Somewhat likely,NA,Democrat,0,1,0,0,Win,2021-08-20T13:18:24Z,87,0,Somewhat likely
2021-08-20 13:06:31,Democrat,NA,I understand. My candidate lost their primary.,NA,NA,NA,NA,80,50,60,Somewhat Satisfied,A lot,NA,NA,Somewhat likely,NA,Very knowledgeable and interesting study.,Democrat,1,0,0,1,Loss,2021-08-20T13:06:31Z,80,50,Somewhat likely
2021-08-20 13:12:40,Democrat,NA,I understand. My candidate lost their primary.,NA,NA,NA,NA,93,77,68,Very Satisfied,A great deal,NA,NA,Somewhat likely,NA,well done,Democrat,1,0,0,1,Loss,2021-08-20T13:12:40Z,93,77,Somewhat likely
2021-08-20 13:21:21,Republican,NA,NA,NA,I understand. My candidate lost their primary.,NA,NA,96,99,95,Somewhat Satisfied,A lot,Neither likely nor unlikely,NA,NA,NA,good,Republican,1,0,0,1,Loss,2021-08-20T13:21:21Z,99,96,Neither likely nor unlikely
2021-08-20 13:23:30,Democrat,NA,I understand. My candidate lost their primary.,NA,NA,NA,NA,93,74,86,Very Satisfied,A great deal,NA,NA,Somewhat likely,NA,very well,Democrat,1,0,0,1,Loss,2021-08-20T13:23:30Z,93,74,Somewhat likely
2021-08-20 12:51:39,Independent,Neither Republican or Democrat,NA,NA,NA,NA,NA,50,48,51,Somewhat Satisfied,A moderate amount,NA,NA,NA,NA,NA,Independent,0,0,0,0,NA,2021-08-20T12:51:39Z,NA,NA,NA
2021-08-20 13:29:20,Democrat,NA,NA,NA,NA,NA,Okay,72,15,68,NA,NA,NA,NA,NA,Somewhat likely,NA,Democrat,0,0,1,NA,Control,2021-08-20T13:29:20Z,72,15,NA
2021-08-20 13:26:31,Democrat,NA,I understand. My candidate lost their primary.,NA,NA,NA,NA,100,51,60,Very Satisfied,A lot,NA,NA,Somewhat unlikely,NA,GOOD,Democrat,1,0,0,1,Loss,2021-08-20T13:26:31Z,100,51,Somewhat unlikely
2021-08-20 13:29:42,Democrat,NA,I understand. My candidate lost their primary.,NA,NA,NA,NA,100,0,20,Somewhat Satisfied,A moderate amount,NA,NA,Extremely likely,NA,NA,Democrat,1,0,0,1,Loss,2021-08-20T13:29:42Z,100,0,Extremely likely
2021-08-20 13:26:50,Democrat,NA,NA,I understand. My candidate won their primary.,NA,NA,NA,80,25,21,Somewhat Satisfied,A moderate amount,NA,NA,NA,Somewhat likely,None,Democrat,0,1,0,0,Win,2021-08-20T13:26:50Z,80,25,Somewhat likely
2021-08-20 13:33:22,Independent,Democratic,NA,I understand. My candidate won their primary.,NA,NA,NA,55,65,75,Neither Satisfied nor Dissatisfied,A moderate amount,NA,NA,NA,Neither likely nor unlikely,Good survey.,Democrat,0,1,0,0,Win,2021-08-20T13:33:22Z,55,65,Neither likely nor unlikely
2021-08-20 13:33:09,Republican,NA,NA,NA,NA,I understand. My candidate won their primary.,NA,0,100,0,Very Dissatisfied,Not at all,NA,Extremely likely,NA,NA,NA,Republican,0,1,0,0,Win,2021-08-20T13:33:09Z,100,0,NA
2021-08-20 13:36:25,Democrat,NA,I understand. My candidate lost their primary.,NA,NA,NA,NA,60,87,75,Somewhat Satisfied,A moderate amount,NA,NA,Somewhat likely,NA,in this study was good,Democrat,1,0,0,1,Loss,2021-08-20T13:36:25Z,60,87,Somewhat likely
2021-08-20 13:39:29,Republican,NA,NA,NA,NA,I understand. My candidate won their primary.,NA,56,76,68,Somewhat Satisfied,A lot,NA,Somewhat likely,NA,NA,good,Republican,0,1,0,0,Win,2021-08-20T13:39:29Z,76,56,NA
2021-08-20 13:40:52,Republican,NA,NA,NA,I understand. My candidate lost their primary.,NA,NA,51,51,51,Somewhat Satisfied,A lot,Somewhat likely,NA,NA,NA,NA,Republican,1,0,0,1,Loss,2021-08-20T13:40:52Z,51,51,Somewhat likely
2021-08-20 13:40:52,Democrat,NA,NA,NA,NA,NA,Okay,83,75,69,NA,NA,NA,NA,NA,Somewhat likely,Goodstudy,Democrat,0,0,1,NA,Control,2021-08-20T13:40:52Z,83,75,NA
2021-08-20 13:40:33,Democrat,NA,NA,I understand. My candidate won their primary.,NA,NA,NA,65,78,72,Somewhat Satisfied,A moderate amount,NA,NA,NA,Somewhat likely,THIS SURVEY IS VERY NICE AND INTERESTING,Democrat,0,1,0,0,Win,2021-08-20T13:40:33Z,65,78,Somewhat likely
2021-08-20 13:42:24,Republican,NA,NA,NA,NA,NA,Okay,89,85,83,NA,NA,NA,Extremely likely,NA,NA,good,Republican,0,0,1,NA,Control,2021-08-20T13:42:24Z,85,89,NA
2021-08-20 13:43:40,Republican,NA,NA,NA,NA,I understand. My candidate won their primary.,NA,68,84,71,Somewhat Satisfied,A great deal,NA,Somewhat likely,NA,NA,GOOD SURVEY,Republican,0,1,0,0,Win,2021-08-20T13:43:40Z,84,68,NA
2021-08-20 13:40:33,Republican,NA,NA,NA,NA,I understand. My candidate won their primary.,NA,67,82,57,Somewhat Satisfied,A lot,NA,Somewhat likely,NA,NA,NONE,Republican,0,1,0,0,Win,2021-08-20T13:40:33Z,82,67,NA
2021-08-20 13:43:32,Republican,NA,NA,NA,NA,NA,Okay,71,90,74,NA,NA,NA,Neither likely nor unlikely,NA,NA,THIS SURVEY IS GOOD,Republican,0,0,1,NA,Control,2021-08-20T13:43:32Z,90,71,NA
2021-08-20 13:45:02,Democrat,NA,I understand. My candidate lost their primary.,NA,NA,NA,NA,75,68,81,Very Satisfied,A great deal,NA,NA,Extremely likely,NA,GOOD,Democrat,1,0,0,1,Loss,2021-08-20T13:45:02Z,75,68,Extremely likely
2021-08-20 13:46:23,Independent,Republican,NA,NA,NA,I understand. My candidate won their primary.,NA,73,70,89,Somewhat Satisfied,A lot,NA,Somewhat likely,NA,NA,NO,Republican,0,1,0,0,Win,2021-08-20T13:46:23Z,70,73,NA
2021-08-20 13:44:11,Democrat,NA,I understand. My candidate lost their primary.,NA,NA,NA,NA,69,100,72,Very Satisfied,A great deal,NA,NA,Extremely likely,NA,Thank you for giving this survey to me. This was very interesting to take. I expect more survey from you like this study.,Democrat,1,0,0,1,Loss,2021-08-20T13:44:11Z,69,100,Extremely likely
2021-08-20 13:48:30,Democrat,NA,NA,NA,NA,NA,Okay,88,86,82,NA,NA,NA,NA,NA,Extremely likely,good,Democrat,0,0,1,NA,Control,2021-08-20T13:48:30Z,88,86,NA
2021-08-20 13:41:31,Republican,NA,NA,NA,I understand. My candidate lost their primary.,NA,NA,88,95,85,Somewhat Satisfied,A lot,Neither likely nor unlikely,NA,NA,NA,good,Republican,1,0,0,1,Loss,2021-08-20T13:41:31Z,95,88,Neither likely nor unlikely
2021-08-20 13:45:48,Independent,Republican,NA,NA,I understand. My candidate lost their primary.,NA,NA,95,85,95,Very Dissatisfied,A lot,Somewhat likely,NA,NA,NA,nice,Republican,1,0,0,1,Loss,2021-08-20T13:45:48Z,85,95,Somewhat likely
2021-08-20 13:48:44,Republican,NA,NA,NA,I understand. My candidate lost their primary.,NA,NA,0,100,100,Very Dissatisfied,Not at all,Neither likely nor unlikely,NA,NA,NA,NA,Republican,1,0,0,1,Loss,2021-08-20T13:48:44Z,100,0,Neither likely nor unlikely
2021-08-20 13:48:16,Democrat,NA,I understand. My candidate lost their primary.,NA,NA,NA,NA,69,25,36,Somewhat Satisfied,A lot,NA,NA,Somewhat likely,NA,no,Democrat,1,0,0,1,Loss,2021-08-20T13:48:16Z,69,25,Somewhat likely
2021-08-20 13:50:22,Democrat,NA,NA,I understand. My candidate won their primary.,NA,NA,NA,83,0,11,Neither Satisfied nor Dissatisfied,A little,NA,NA,NA,Somewhat likely,NA,Democrat,0,1,0,0,Win,2021-08-20T13:50:22Z,83,0,Somewhat likely
2021-08-20 13:50:07,Democrat,NA,NA,I understand. My candidate won their primary.,NA,NA,NA,92,83,91,Very Satisfied,A great deal,NA,NA,NA,Extremely likely,Good,Democrat,0,1,0,0,Win,2021-08-20T13:50:07Z,92,83,Extremely likely
2021-08-20 13:51:48,Democrat,NA,NA,NA,NA,NA,Okay,89,0,41,NA,NA,NA,NA,NA,Somewhat likely,NA,Democrat,0,0,1,NA,Control,2021-08-20T13:51:48Z,89,0,NA
2021-08-20 13:47:28,Independent,Democratic,I understand. My candidate lost their primary.,NA,NA,NA,NA,96,87,78,Very Satisfied,A lot,NA,NA,Extremely likely,NA,Its good i like it,Democrat,1,0,0,1,Loss,2021-08-20T13:47:28Z,96,87,Extremely likely
2021-08-20 13:48:18,Democrat,NA,I understand. My candidate lost their primary.,NA,NA,NA,NA,97,85,91,Somewhat Satisfied,A lot,NA,NA,Somewhat likely,NA,Nice,Democrat,1,0,0,1,Loss,2021-08-20T13:48:18Z,97,85,Somewhat likely
2021-08-20 13:52:55,Democrat,NA,NA,NA,NA,NA,Okay,100,100,100,NA,NA,NA,NA,NA,Extremely likely,VERY NICE,Democrat,0,0,1,NA,Control,2021-08-20T13:52:55Z,100,100,NA
2021-08-20 14:00:02,Democrat,NA,I understand. My candidate lost their primary.,NA,NA,NA,NA,100,0,51,Very Satisfied,A moderate amount,NA,NA,Extremely unlikely,NA,NA,Democrat,1,0,0,1,Loss,2021-08-20T14:00:02Z,100,0,Extremely unlikely
2021-08-20 13:50:07,Democrat,NA,NA,NA,NA,NA,Okay,91,29,66,NA,NA,NA,NA,NA,Somewhat likely,none,Democrat,0,0,1,NA,Control,2021-08-20T13:50:07Z,91,29,NA
2021-08-20 13:57:22,Democrat,NA,NA,I understand. My candidate won their primary.,NA,NA,NA,64,64,56,Somewhat Satisfied,A lot,NA,NA,NA,Somewhat likely,nice,Democrat,0,1,0,0,Win,2021-08-20T13:57:22Z,64,64,Somewhat likely
2021-08-20 14:03:27,Democrat,NA,I understand. My candidate lost their primary.,NA,NA,NA,NA,61,54,46,Neither Satisfied nor Dissatisfied,A lot,NA,NA,Neither likely nor unlikely,NA,OK,Democrat,1,0,0,1,Loss,2021-08-20T14:03:27Z,61,54,Neither likely nor unlikely
2021-08-20 14:01:33,Republican,NA,NA,NA,I understand. My candidate lost their primary.,NA,NA,61,86,73,Very Satisfied,A great deal,Somewhat unlikely,NA,NA,NA,"Yes,I understand candidates backgrounds were made-up and this is a good survey.",Republican,1,0,0,1,Loss,2021-08-20T14:01:33Z,86,61,Somewhat unlikely
2021-08-20 14:03:05,Something Else,Republican,NA,NA,I understand. My candidate lost their primary.,NA,NA,47,55,76,Somewhat Satisfied,A great deal,Neither likely nor unlikely,NA,NA,NA,interesting,Republican,1,0,0,1,Loss,2021-08-20T14:03:05Z,55,47,Neither likely nor unlikely
2021-08-20 14:09:36,Republican,NA,NA,NA,NA,I understand. My candidate won their primary.,NA,72,64,86,Somewhat Satisfied,A great deal,NA,Neither likely nor unlikely,NA,NA,interesting,Republican,0,1,0,0,Win,2021-08-20T14:09:36Z,64,72,NA
2021-08-20 13:42:04,Democrat,NA,I understand. My candidate lost their primary.,NA,NA,NA,NA,81,39,63,Somewhat Satisfied,A moderate amount,NA,NA,Neither likely nor unlikely,NA,NA,Democrat,1,0,0,1,Loss,2021-08-20T13:42:04Z,81,39,Neither likely nor unlikely
2021-08-20 14:43:16,Democrat,NA,I understand. My candidate lost their primary.,NA,NA,NA,NA,85,100,75,Very Satisfied,A great deal,NA,NA,Extremely likely,NA,None,Democrat,1,0,0,1,Loss,2021-08-20T14:43:16Z,85,100,Extremely likely
2021-08-20 14:52:23,Republican,NA,NA,NA,NA,NA,Okay,60,84,71,NA,NA,NA,Neither likely nor unlikely,NA,NA,good,Republican,0,0,1,NA,Control,2021-08-20T14:52:23Z,84,60,NA
2021-08-20 14:54:01,Republican,NA,NA,NA,NA,I understand. My candidate won their primary.,NA,66,88,68,Neither Satisfied nor Dissatisfied,A great deal,NA,Extremely likely,NA,NA,goode,Republican,0,1,0,0,Win,2021-08-20T14:54:01Z,88,66,NA
2021-08-20 15:00:50,Democrat,NA,I understand. My candidate lost their primary.,NA,NA,NA,NA,50,30,50,Very Dissatisfied,A little,NA,NA,Extremely likely,NA,NA,Democrat,1,0,0,1,Loss,2021-08-20T15:00:50Z,50,30,Extremely likely
2021-08-20 15:19:12,Democrat,NA,NA,I understand. My candidate won their primary.,NA,NA,NA,70,32,51,Neither Satisfied nor Dissatisfied,A moderate amount,NA,NA,NA,Somewhat likely,NA,Democrat,0,1,0,0,Win,2021-08-20T15:19:12Z,70,32,Somewhat likely
2021-08-20 15:55:53,Something Else,Neither Republican or Democrat,NA,NA,NA,NA,NA,93,100,92,Somewhat Satisfied,A great deal,NA,NA,NA,NA,34,Independent,0,0,0,0,NA,2021-08-20T15:55:53Z,NA,NA,NA
2021-08-20 16:13:48,Something Else,Republican,NA,NA,I understand. My candidate lost their primary.,NA,NA,45,98,67,Somewhat Satisfied,A lot,Neither likely nor unlikely,NA,NA,NA,ITS GOOD.,Republican,1,0,0,1,Loss,2021-08-20T16:13:48Z,98,45,Neither likely nor unlikely
2021-08-20 18:41:18,Republican,NA,NA,NA,NA,I understand. My candidate won their primary.,NA,83,94,81,Somewhat Dissatisfied,A lot,NA,Extremely likely,NA,NA,NA,Republican,0,1,0,0,Win,2021-08-20T18:41:18Z,94,83,NA
2021-08-20 16:44:39,Democrat,NA,NA,NA,NA,NA,Okay,69,100,80,NA,NA,NA,NA,NA,Extremely likely,Nice,Democrat,0,0,1,NA,Control,2021-08-20T16:44:39Z,69,100,NA
2021-08-21 12:10:47,Republican,NA,NA,NA,I understand. My candidate lost their primary.,NA,NA,60,40,60,Very Satisfied,A lot,Somewhat likely,NA,NA,NA,None,Republican,1,0,0,1,Loss,2021-08-21T12:10:47Z,40,60,Somewhat likely
2021-08-21 12:11:29,Democrat,NA,NA,I understand. My candidate won their primary.,NA,NA,NA,79,66,84,Very Satisfied,A great deal,NA,NA,NA,Extremely likely,good,Democrat,0,1,0,0,Win,2021-08-21T12:11:29Z,79,66,Extremely likely
2021-08-21 12:12:34,Democrat,NA,I understand. My candidate lost their primary.,NA,NA,NA,NA,70,61,44,Somewhat Satisfied,A moderate amount,NA,NA,Extremely likely,NA,no comments,Democrat,1,0,0,1,Loss,2021-08-21T12:12:34Z,70,61,Extremely likely
2021-08-21 12:11:22,Democrat,NA,NA,NA,NA,NA,Okay,74,89,75,NA,NA,NA,NA,NA,Somewhat likely,NICE,Democrat,0,0,1,NA,Control,2021-08-21T12:11:22Z,74,89,NA
2021-08-21 12:14:11,Democrat,NA,NA,NA,NA,NA,Okay,86,60,51,NA,NA,NA,NA,NA,Extremely likely,good,Democrat,0,0,1,NA,Control,2021-08-21T12:14:11Z,86,60,NA
2021-08-21 12:14:28,Republican,NA,NA,NA,I understand. My candidate lost their primary.,NA,NA,72,43,68,Neither Satisfied nor Dissatisfied,A moderate amount,Neither likely nor unlikely,NA,NA,NA,None,Republican,1,0,0,1,Loss,2021-08-21T12:14:28Z,43,72,Neither likely nor unlikely
2021-08-21 12:13:58,Democrat,NA,NA,I understand. My candidate won their primary.,NA,NA,NA,84,61,56,Somewhat Satisfied,A lot,NA,NA,NA,Somewhat likely,None,Democrat,0,1,0,0,Win,2021-08-21T12:13:58Z,84,61,Somewhat likely
2021-08-21 12:16:30,Independent,Neither Republican or Democrat,NA,NA,NA,NA,NA,51,49,100,Somewhat Satisfied,A moderate amount,NA,NA,NA,NA,NA,Independent,0,0,0,0,NA,2021-08-21T12:16:30Z,NA,NA,NA
2021-08-21 12:13:54,Republican,NA,NA,NA,NA,NA,Okay,1,69,51,NA,NA,NA,Somewhat likely,NA,NA,NA,Republican,0,0,1,NA,Control,2021-08-21T12:13:54Z,69,1,NA
2021-08-21 12:15:52,Independent,Republican,NA,NA,NA,NA,Okay,63,45,51,NA,NA,NA,Somewhat unlikely,NA,NA,NA,Republican,0,0,1,NA,Control,2021-08-21T12:15:52Z,45,63,NA
2021-08-21 12:24:05,Democrat,NA,NA,NA,NA,NA,Okay,98,11,51,NA,NA,NA,NA,NA,Neither likely nor unlikely,none,Democrat,0,0,1,NA,Control,2021-08-21T12:24:05Z,98,11,NA
2021-08-21 12:24:36,Democrat,NA,NA,NA,NA,NA,Okay,81,13,65,NA,NA,NA,NA,NA,Somewhat likely,NA,Democrat,0,0,1,NA,Control,2021-08-21T12:24:36Z,81,13,NA
2021-08-21 12:25:59,Democrat,NA,I understand. My candidate lost their primary.,NA,NA,NA,NA,59,52,53,Very Satisfied,A moderate amount,NA,NA,Somewhat likely,NA,None,Democrat,1,0,0,1,Loss,2021-08-21T12:25:59Z,59,52,Somewhat likely
2021-08-21 12:25:20,Republican,NA,NA,NA,I understand. My candidate lost their primary.,NA,NA,51,87,51,Very Dissatisfied,Not at all,Somewhat unlikely,NA,NA,NA,NA,Republican,1,0,0,1,Loss,2021-08-21T12:25:20Z,87,51,Somewhat unlikely
2021-08-21 12:29:49,Democrat,NA,NA,I understand. My candidate won their primary.,NA,NA,NA,83,72,85,Very Satisfied,A great deal,NA,NA,NA,Extremely likely,good,Democrat,0,1,0,0,Win,2021-08-21T12:29:49Z,83,72,Extremely likely
2021-08-21 12:31:04,Democrat,NA,NA,NA,NA,NA,Okay,74,65,72,NA,NA,NA,NA,NA,Extremely likely,good,Democrat,0,0,1,NA,Control,2021-08-21T12:31:04Z,74,65,NA
2021-08-21 12:32:45,Republican,NA,NA,NA,I understand. My candidate lost their primary.,NA,NA,76,95,100,Very Satisfied,A lot,Extremely unlikely,NA,NA,NA,keep safe and have a great summer,Republican,1,0,0,1,Loss,2021-08-21T12:32:45Z,95,76,Extremely unlikely
2021-08-21 12:40:21,Independent,Neither Republican or Democrat,NA,NA,NA,NA,NA,0,0,50,Very Dissatisfied,Not at all,NA,NA,NA,NA,NA,Independent,0,0,0,0,NA,2021-08-21T12:40:21Z,NA,NA,NA
2021-08-21 12:41:15,Independent,Democratic,NA,I understand. My candidate won their primary.,NA,NA,NA,3,1,10,Neither Satisfied nor Dissatisfied,Not at all,NA,NA,NA,Neither likely nor unlikely,NA,Democrat,0,1,0,0,Win,2021-08-21T12:41:15Z,3,1,Neither likely nor unlikely
2021-08-21 12:43:37,Democrat,NA,NA,I understand. My candidate won their primary.,NA,NA,NA,75,43,74,Somewhat Satisfied,A lot,NA,NA,NA,Somewhat likely,none,Democrat,0,1,0,0,Win,2021-08-21T12:43:37Z,75,43,Somewhat likely
2021-08-21 12:44:03,Democrat,NA,NA,NA,NA,NA,Okay,70,20,45,NA,NA,NA,NA,NA,Somewhat likely,NA,Democrat,0,0,1,NA,Control,2021-08-21T12:44:03Z,70,20,NA
2021-08-21 12:46:25,Democrat,NA,NA,NA,NA,NA,Okay,69,69,62,NA,NA,NA,NA,NA,Extremely likely,godd,Democrat,0,0,1,NA,Control,2021-08-21T12:46:25Z,69,69,NA
2021-08-21 12:50:15,Democrat,NA,NA,I understand. My candidate won their primary.,NA,NA,NA,52,51,52,Very Satisfied,A great deal,NA,NA,NA,Extremely likely,GOOD,Democrat,0,1,0,0,Win,2021-08-21T12:50:15Z,52,51,Extremely likely
2021-08-21 12:47:32,Republican,NA,NA,NA,I understand. My candidate lost their primary.,NA,NA,72,80,72,Very Satisfied,A lot,Somewhat likely,NA,NA,NA,very good,Republican,1,0,0,1,Loss,2021-08-21T12:47:32Z,80,72,Somewhat likely
2021-08-21 12:49:05,Democrat,NA,I understand. My candidate lost their primary.,NA,NA,NA,NA,54,15,80,Neither Satisfied nor Dissatisfied,A little,NA,NA,Extremely likely,NA,NA,Democrat,1,0,0,1,Loss,2021-08-21T12:49:05Z,54,15,Extremely likely
2021-08-21 12:50:22,Democrat,NA,I understand. My candidate lost their primary.,NA,NA,NA,NA,77,63,78,Neither Satisfied nor Dissatisfied,A moderate amount,NA,NA,Neither likely nor unlikely,NA,None,Democrat,1,0,0,1,Loss,2021-08-21T12:50:22Z,77,63,Neither likely nor unlikely
2021-08-21 12:53:51,Democrat,NA,NA,NA,NA,NA,Okay,66,22,74,NA,NA,NA,NA,NA,Extremely likely,NA,Democrat,0,0,1,NA,Control,2021-08-21T12:53:51Z,66,22,NA
2021-08-21 12:55:54,Democrat,NA,NA,I understand. My candidate won their primary.,NA,NA,NA,32,67,38,Somewhat Satisfied,A great deal,NA,NA,NA,Extremely likely,NA,Democrat,0,1,0,0,Win,2021-08-21T12:55:54Z,32,67,Extremely likely
2021-08-21 12:23:12,Democrat,NA,NA,NA,NA,NA,Okay,81,35,45,NA,NA,NA,NA,NA,Extremely likely,NA,Democrat,0,0,1,NA,Control,2021-08-21T12:23:12Z,81,35,NA
2021-08-21 13:15:26,Democrat,NA,NA,I understand. My candidate won their primary.,NA,NA,NA,85,69,75,Neither Satisfied nor Dissatisfied,A great deal,NA,NA,NA,Neither likely nor unlikely,None,Democrat,0,1,0,0,Win,2021-08-21T13:15:26Z,85,69,Neither likely nor unlikely
2021-08-21 13:13:29,Democrat,NA,NA,NA,NA,NA,Okay,67,37,51,NA,NA,NA,NA,NA,Neither likely nor unlikely,good,Democrat,0,0,1,NA,Control,2021-08-21T13:13:29Z,67,37,NA
2021-08-21 13:18:36,Republican,NA,NA,NA,I understand. My candidate lost their primary.,NA,NA,10,60,45,Somewhat Satisfied,A little,Neither likely nor unlikely,NA,NA,NA,NA,Republican,1,0,0,1,Loss,2021-08-21T13:18:36Z,60,10,Neither likely nor unlikely
2021-08-21 13:09:07,Democrat,NA,NA,I understand. My candidate won their primary.,NA,NA,NA,85,41,33,Very Satisfied,A lot,NA,NA,NA,Somewhat likely,nice survey,Democrat,0,1,0,0,Win,2021-08-21T13:09:07Z,85,41,Somewhat likely
2021-08-21 12:49:54,Democrat,NA,NA,NA,NA,NA,Okay,58,6,38,NA,NA,NA,NA,NA,Somewhat likely,NA,Democrat,0,0,1,NA,Control,2021-08-21T12:49:54Z,58,6,NA
2021-08-21 13:33:37,Democrat,NA,NA,NA,NA,NA,Okay,100,0,51,NA,NA,NA,NA,NA,Extremely likely,NA,Democrat,0,0,1,NA,Control,2021-08-21T13:33:37Z,100,0,NA
2021-08-21 13:43:44,Independent,Neither Republican or Democrat,NA,NA,NA,NA,NA,18,18,87,Very Dissatisfied,Not at all,NA,NA,NA,NA,NA,Independent,0,0,0,0,NA,2021-08-21T13:43:44Z,NA,NA,NA
2021-08-21 14:12:11,Democrat,NA,NA,I understand. My candidate won their primary.,NA,NA,NA,85,75,85,Somewhat Satisfied,A little,NA,NA,NA,Somewhat likely,nice,Democrat,0,1,0,0,Win,2021-08-21T14:12:11Z,85,75,Somewhat likely
2021-08-21 14:13:07,Republican,NA,NA,NA,NA,NA,Okay,82,88,84,NA,NA,NA,Somewhat likely,NA,NA,GOOD,Republican,0,0,1,NA,Control,2021-08-21T14:13:07Z,88,82,NA
2021-08-21 14:14:23,Independent,Democratic,I understand. My candidate lost their primary.,NA,NA,NA,NA,50,50,85,Neither Satisfied nor Dissatisfied,A moderate amount,NA,NA,Somewhat unlikely,NA,none,Democrat,1,0,0,1,Loss,2021-08-21T14:14:23Z,50,50,Somewhat unlikely
2021-08-21 14:17:22,Democrat,NA,NA,NA,NA,NA,Okay,81,13,50,NA,NA,NA,NA,NA,Somewhat likely,none,Democrat,0,0,1,NA,Control,2021-08-21T14:17:22Z,81,13,NA
2021-08-21 14:16:03,Democrat,NA,NA,NA,NA,NA,Okay,80,42,60,NA,NA,NA,NA,NA,Somewhat likely,NONE,Democrat,0,0,1,NA,Control,2021-08-21T14:16:03Z,80,42,NA
2021-08-21 14:15:58,Independent,Republican,NA,NA,NA,NA,Okay,50,55,55,NA,NA,NA,Somewhat likely,NA,NA,none,Republican,0,0,1,NA,Control,2021-08-21T14:15:58Z,55,50,NA
2021-08-21 14:20:04,Democrat,NA,I understand. My candidate lost their primary.,NA,NA,NA,NA,68,43,75,Somewhat Satisfied,A lot,NA,NA,Somewhat likely,NA,none,Democrat,1,0,0,1,Loss,2021-08-21T14:20:04Z,68,43,Somewhat likely
2021-08-21 14:22:04,Democrat,NA,NA,I understand. My candidate won their primary.,NA,NA,NA,69,78,63,Somewhat Satisfied,A lot,NA,NA,NA,Somewhat likely,NONE,Democrat,0,1,0,0,Win,2021-08-21T14:22:04Z,69,78,Somewhat likely
2021-08-21 15:30:12,Democrat,NA,I understand. My candidate lost their primary.,NA,NA,NA,NA,85,65,44,Somewhat Satisfied,A lot,NA,NA,Somewhat likely,NA,None,Democrat,1,0,0,1,Loss,2021-08-21T15:30:12Z,85,65,Somewhat likely
2021-08-21 16:18:11,Republican,NA,NA,NA,I understand. My candidate lost their primary.,NA,NA,96,88,94,Very Satisfied,A great deal,Extremely likely,NA,NA,NA,good,Republican,1,0,0,1,Loss,2021-08-21T16:18:11Z,88,96,Extremely likely
2021-08-21 14:39:57,Independent,Neither Republican or Democrat,NA,NA,NA,NA,NA,76,35,51,Somewhat Satisfied,A moderate amount,NA,NA,NA,NA,No,Independent,0,0,0,0,NA,2021-08-21T14:39:57Z,NA,NA,NA
2021-08-21 17:03:30,Democrat,NA,NA,I understand. My candidate won their primary.,NA,NA,NA,100,23,21,Very Satisfied,A great deal,NA,NA,NA,Extremely likely,very interesting survey,Democrat,0,1,0,0,Win,2021-08-21T17:03:30Z,100,23,Extremely likely
2021-08-21 17:29:55,Republican,NA,NA,NA,NA,I understand. My candidate won their primary.,NA,7,98,50,Somewhat Dissatisfied,A lot,NA,Extremely likely,NA,NA,This survey was interesting.,Republican,0,1,0,0,Win,2021-08-21T17:29:55Z,98,7,NA
2021-08-21 19:03:24,Republican,NA,NA,NA,I understand. My candidate lost their primary.,NA,NA,51,81,59,Somewhat Satisfied,A moderate amount,Somewhat likely,NA,NA,NA,NA,Republican,1,0,0,1,Loss,2021-08-21T19:03:24Z,81,51,Somewhat likely
2021-08-21 20:13:50,Democrat,NA,NA,NA,NA,NA,Okay,71,59,72,NA,NA,NA,NA,NA,Somewhat likely,NA,Democrat,0,0,1,NA,Control,2021-08-21T20:13:50Z,71,59,NA
